コード,都道府県,市区町村,市区町村カナ,市区町村かな,緯度,経度
011011,北海道,札幌市中央区,サッポロシチュウオウク,さっぽろしちゅうおうく,43.05546,141.340956
011029,北海道,札幌市北区,サッポロシキタク,さっぽろしきたく,43.09085,141.340831
011037,北海道,札幌市東区,サッポロシヒガシク,さっぽろしひがしく,43.076069,141.363722
011045,北海道,札幌市白石区,サッポロシシロイシク,さっぽろししろいしく,43.047687,141.405078
011053,北海道,札幌市豊平区,サッポロシトヨヒラク,さっぽろしとよひらく,43.031291,141.380106
011061,北海道,札幌市南区,サッポロシミナミク,さっぽろしみなみく,42.990031,141.353497
011070,北海道,札幌市西区,サッポロシニシク,さっぽろしにしく,43.07447,141.300889
011088,北海道,札幌市厚別区,サッポロシアツベツク,さっぽろしあつべつく,43.036408,141.474789
011096,北海道,札幌市手稲区,サッポロシテイネク,さっぽろしていねく,43.121944,141.245632
011100,北海道,札幌市清田区,サッポロシキヨタク,さっぽろしきよたく,42.999636,141.44383
012025,北海道,函館市,ハコダテシ,はこだてし,41.768793,140.72881
012033,北海道,小樽市,オタルシ,おたるし,43.190717,140.994662
012041,北海道,旭川市,アサヒカワシ,あさひかわし,43.770636,142.364819
012050,北海道,室蘭市,ムロランシ,むろらんし,42.315231,140.973799
012068,北海道,釧路市,クシロシ,くしろし,42.984854,144.381356
012076,北海道,帯広市,オビヒロシ,おびひろし,42.923899,143.196103
012084,北海道,北見市,キタミシ,きたみし,43.804031,143.895876
012092,北海道,夕張市,ユウバリシ,ゆうばりし,43.056734,141.973896
012106,北海道,岩見沢市,イワミザワシ,いわみざわし,43.196206,141.775933
012114,北海道,網走市,アバシリシ,あばしりし,44.020632,144.273398
012122,北海道,留萌市,ルモイシ,るもいし,43.940987,141.637012
012131,北海道,苫小牧市,トマコマイシ,とまこまいし,42.634302,141.605372
012149,北海道,稚内市,ワッカナイシ,わっかないし,45.415664,141.673082
012157,北海道,美唄市,ビバイシ,びばいし,43.332881,141.853785
012165,北海道,芦別市,アシベツシ,あしべつし,43.518166,142.189436
012173,北海道,江別市,エベツシ,えべつし,43.103745,141.536247
012181,北海道,赤平市,アカビラシ,あかびらし,43.558074,142.044211
012190,北海道,紋別市,モンベツシ,もんべつし,44.356484,143.354503
012203,北海道,士別市,シベツシ,しべつし,44.178734,142.400404
012211,北海道,名寄市,ナヨロシ,なよろし,44.355938,142.463167
012220,北海道,三笠市,ミカサシ,みかさし,43.245435,141.875327
012238,北海道,根室市,ネムロシ,ねむろし,43.330076,145.58279
012246,北海道,千歳市,チトセシ,ちとせし,42.820958,141.650876
012254,北海道,滝川市,タキカワシ,たきかわし,43.557795,141.91019
012262,北海道,砂川市,スナガワシ,すながわし,43.494843,141.903465
012271,北海道,歌志内市,ウタシナイシ,うたしないし,43.521353,142.034568
012289,北海道,深川市,フカガワシ,ふかがわし,43.72326,142.053538
012297,北海道,富良野市,フラノシ,ふらのし,43.34214,142.383225
012301,北海道,登別市,ノボリベツシ,のぼりべつし,42.41276,141.106632
012319,北海道,恵庭市,エニワシ,えにわし,42.882562,141.577815
012335,北海道,伊達市,ダテシ,だてし,42.471851,140.864679
012343,北海道,北広島市,キタヒロシマシ,きたひろしまし,42.98563,141.563543
012351,北海道,石狩市,イシカリシ,いしかりし,43.171384,141.31552
012360,北海道,北斗市,ホクトシ,ほくとし,41.82406,140.652903
013030,北海道,石狩郡当別町,トウベツチョウ,とうべつちょう,43.223683,141.517072
013048,北海道,石狩郡新篠津村,シンシノツムラ,しんしのつむら,43.225424,141.649216
013315,北海道,松前郡松前町,マツマエチョウ,まつまえちょう,41.430037,140.110435
013323,北海道,松前郡福島町,フクシマチョウ,ふくしまちょう,41.483802,140.251326
013331,北海道,上磯郡知内町,シリウチチョウ,しりうちちょう,41.598356,140.418963
013340,北海道,上磯郡木古内町,キコナイチョウ,きこないちょう,41.678264,140.437568
013374,北海道,亀田郡七飯町,ナナエチョウ,ななえちょう,41.89572,140.69428
013439,北海道,茅部郡鹿部町,シカベチョウ,しかべちょう,42.038487,140.815939
013455,北海道,茅部郡森町,モリマチ,もりまち,42.104795,140.576324
013463,北海道,二海郡八雲町,ヤクモチョウ,やくもちょう,42.255999,140.265281
013471,北海道,山越郡長万部町,オシャマンベチョウ,おしゃまんべちょう,42.513688,140.380633
013617,北海道,檜山郡江差町,エサシチョウ,えさしちょう,41.869156,140.12746
013625,北海道,檜山郡上ノ国町,カミノクニチョウ,かみのくにちょう,41.801082,140.121348
013633,北海道,檜山郡厚沢部町,アッサブチョウ,あっさぶちょう,41.920901,140.225472
013641,北海道,爾志郡乙部町,オトベチョウ,おとべちょう,41.968501,140.135719
013676,北海道,奥尻郡奥尻町,オクシリチョウ,おくしりちょう,42.172278,139.514008
013706,北海道,瀬棚郡今金町,イマカネチョウ,いまかねちょう,42.429422,140.008878
013714,北海道,久遠郡せたな町,セタナチョウ,せたなちょう,42.417161,139.882988
013919,北海道,島牧郡島牧村,シママキムラ,しままきむら,42.70052,140.06146
013927,北海道,寿都郡寿都町,スッツチョウ,すっつちょう,42.790979,140.22898
013935,北海道,寿都郡黒松内町,クロマツナイチョウ,くろまつないちょう,42.667864,140.30754
013943,北海道,磯谷郡蘭越町,ランコシチョウ,らんこしちょう,42.809075,140.528312
013951,北海道,虻田郡ニセコ町,ニセコチョウ,にせこちょう,42.804705,140.687493
013960,北海道,虻田郡真狩村,マッカリムラ,まっかりむら,42.762971,140.803744
013978,北海道,虻田郡留寿都村,ルスツムラ,るすつむら,42.73736,140.875591
013986,北海道,虻田郡喜茂別町,キモベツチョウ,きもべつちょう,42.795472,140.9345
013994,北海道,虻田郡京極町,キョウゴクチョウ,きょうごくちょう,42.858208,140.884088
014001,北海道,虻田郡倶知安町,クッチャンチョウ,くっちゃんちょう,42.901829,140.758698
015717,北海道,虻田郡豊浦町,トヨウラチョウ,とようらちょう,42.583447,140.711832
015849,北海道,虻田郡洞爺湖町,トウヤコチョウ,とうやこちょう,42.551269,140.764098
014010,北海道,岩内郡共和町,キョウワチョウ,きょうわちょう,42.980398,140.611187
014028,北海道,岩内郡岩内町,イワナイチョウ,いわないちょう,42.979785,140.514753
014036,北海道,古宇郡泊村,トマリムラ,とまりむら,43.063355,140.498859
014044,北海道,古宇郡神恵内村,カモエナイムラ,かもえないむら,43.143813,140.430742
014052,北海道,積丹郡積丹町,シャコタンチョウ,しゃこたんちょう,43.298853,140.598193
014061,北海道,古平郡古平町,フルビラチョウ,ふるびらちょう,43.26536,140.63882
014079,北海道,余市郡仁木町,ニキチョウ,にきちょう,43.151691,140.76613
014087,北海道,余市郡余市町,ヨイチチョウ,よいちちょう,43.195232,140.783467
014095,北海道,余市郡赤井川村,アカイガワムラ,あかいがわむら,43.08349,140.813481
014231,北海道,空知郡南幌町,ナンポロチョウ,なんぽろちょう,43.063727,141.650069
014249,北海道,空知郡奈井江町,ナイエチョウ,ないえちょう,43.425106,141.882788
014257,北海道,空知郡上砂川町,カミスナガワチョウ,かみすながわちょう,43.482608,141.984084
014605,北海道,空知郡上富良野町,カミフラノチョウ,かみふらのちょう,43.455661,142.467073
014613,北海道,空知郡中富良野町,ナカフラノチョウ,なかふらのちょう,43.405671,142.425136
014621,北海道,空知郡南富良野町,ミナミフラノチョウ,みなみふらのちょう,43.163979,142.568488
014273,北海道,夕張郡由仁町,ユニチョウ,ゆにちょう,42.999605,141.790338
014281,北海道,夕張郡長沼町,ナガヌマチョウ,ながぬまちょう,43.010353,141.695252
014290,北海道,夕張郡栗山町,クリヤマチョウ,くりやまちょう,43.056309,141.784255
014303,北海道,樺戸郡月形町,ツキガタチョウ,つきがたちょう,43.338436,141.669451
014311,北海道,樺戸郡浦臼町,ウラウスチョウ,うらうすちょう,43.430322,141.818837
014320,北海道,樺戸郡新十津川町,シントツカワチョウ,しんとつかわちょう,43.548547,141.877032
014338,北海道,雨竜郡妹背牛町,モセウシチョウ,もせうしちょう,43.700112,141.961711
014346,北海道,雨竜郡秩父別町,チップベツチョウ,ちっぷべつちょう,43.767013,141.957958
014362,北海道,雨竜郡雨竜町,ウリュウチョウ,うりゅうちょう,43.643924,141.88899
014371,北海道,雨竜郡北竜町,ホクリュウチョウ,ほくりゅうちょう,43.731356,141.879022
014389,北海道,雨竜郡沼田町,ヌマタチョウ,ぬまたちょう,43.806802,141.933272
014729,北海道,雨竜郡幌加内町,ホロカナイチョウ,ほろかないちょう,44.009854,142.153933
014524,北海道,上川郡鷹栖町,タカスチョウ,たかすちょう,43.843353,142.354451
014532,北海道,上川郡東神楽町,ヒガシカグラチョウ,ひがしかぐらちょう,43.696626,142.451437
014541,北海道,上川郡当麻町,トウマチョウ,とうまちょう,43.828177,142.508366
014559,北海道,上川郡比布町,ピップチョウ,ぴっぷちょう,43.875076,142.477552
014567,北海道,上川郡愛別町,アイベツチョウ,あいべつちょう,43.906504,142.577973
014575,北海道,上川郡上川町,カミカワチョウ,かみかわちょう,43.84718,142.770431
014583,北海道,上川郡東川町,ヒガシカワチョウ,ひがしかわちょう,43.698974,142.510317
014591,北海道,上川郡美瑛町,ビエイチョウ,びえいちょう,43.588187,142.466972
014648,北海道,上川郡和寒町,ワッサムチョウ,わっさむちょう,44.023068,142.413306
014656,北海道,上川郡剣淵町,ケンブチチョウ,けんぶちちょう,44.095677,142.361221
014681,北海道,上川郡下川町,シモカワチョウ,しもかわちょう,44.302503,142.635308
016357,北海道,上川郡新得町,シントクチョウ,しんとくちょう,43.079796,142.838737
016365,北海道,上川郡清水町,シミズチョウ,しみずちょう,43.011356,142.88454
014630,北海道,勇払郡占冠村,シムカップムラ,しむかっぷむら,42.979779,142.398357
015814,北海道,勇払郡厚真町,アツマチョウ,あつまちょう,42.723662,141.877935
015857,北海道,勇払郡安平町,アビラチョウ,あびらちょう,42.762815,141.818017
015865,北海道,勇払郡むかわ町,ムカワチョウ,むかわちょう,42.574807,141.92675
014699,北海道,中川郡美深町,ビフカチョウ,びふかちょう,44.481126,142.343014
014702,北海道,中川郡音威子府村,オトイネップムラ,おといねっぷむら,44.725004,142.262464
014711,北海道,中川郡中川町,ナカガワチョウ,なかがわちょう,44.811346,142.071438
016438,北海道,中川郡幕別町,マクベツチョウ,まくべつちょう,42.908234,143.355969
016446,北海道,中川郡池田町,イケダチョウ,いけだちょう,42.928955,143.448355
016454,北海道,中川郡豊頃町,トヨコロチョウ,とよころちょう,42.801052,143.505919
016462,北海道,中川郡本別町,ホンベツチョウ,ほんべつちょう,43.124712,143.610573
014818,北海道,増毛郡増毛町,マシケチョウ,ましけちょう,43.856033,141.525198
014826,北海道,留萌郡小平町,オビラチョウ,おびらちょう,44.015108,141.662575
014834,北海道,苫前郡苫前町,トママエチョウ,とままえちょう,44.30604,141.653022
014842,北海道,苫前郡羽幌町,ハボロチョウ,はぼろちょう,44.360683,141.69725
014851,北海道,苫前郡初山別村,ショサンベツムラ,しょさんべつむら,44.532154,141.766409
014869,北海道,天塩郡遠別町,エンベツチョウ,えんべつちょう,44.722139,141.792369
014877,北海道,天塩郡天塩町,テシオチョウ,てしおちょう,44.888341,141.745397
015164,北海道,天塩郡豊富町,トヨトミチョウ,とよとみちょう,45.102933,141.777505
015202,北海道,天塩郡幌延町,ホロノベチョウ,ほろのべちょう,45.017711,141.849384
015113,北海道,宗谷郡猿払村,サルフツムラ,さるふつむら,45.330616,142.109192
015121,北海道,枝幸郡浜頓別町,ハマトンベツチョウ,はまとんべつちょう,45.123694,142.359948
015130,北海道,枝幸郡中頓別町,ナカトンベツチョウ,なかとんべつちょう,44.969819,142.286735
015148,北海道,枝幸郡枝幸町,エサシチョウ,えさしちょう,44.938714,142.581411
015172,北海道,礼文郡礼文町,レブンチョウ,れぶんちょう,45.30302,141.047689
015181,北海道,利尻郡利尻町,リシリチョウ,りしりちょう,45.187068,141.139627
015199,北海道,利尻郡利尻富士町,リシリフジチョウ,りしりふじちょう,45.247735,141.214344
015431,北海道,網走郡美幌町,ビホロチョウ,びほろちょう,43.823782,144.107042
015440,北海道,網走郡津別町,ツベツチョウ,つべつちょう,43.706453,144.025032
015644,北海道,網走郡大空町,オオゾラチョウ,おおぞらちょう,43.91185,144.172709
015458,北海道,斜里郡斜里町,シャリチョウ,しゃりちょう,43.911513,144.670605
015466,北海道,斜里郡清里町,キヨサトチョウ,きよさとちょう,43.835216,144.594562
015474,北海道,斜里郡小清水町,コシミズチョウ,こしみずちょう,43.856852,144.462025
015491,北海道,常呂郡訓子府町,クンネップチョウ,くんねっぷちょう,43.725255,143.74173
015504,北海道,常呂郡置戸町,オケトチョウ,おけとちょう,43.676323,143.586397
015521,北海道,常呂郡佐呂間町,サロマチョウ,さろまちょう,44.017756,143.774506
015555,北海道,紋別郡遠軽町,エンガルチョウ,えんがるちょう,44.061953,143.527947
015598,北海道,紋別郡湧別町,ユウベツチョウ,ゆうべつちょう,44.151598,143.572894
015601,北海道,紋別郡滝上町,タキノウエチョウ,たきのうえちょう,44.192203,143.077588
015610,北海道,紋別郡興部町,オコッペチョウ,おこっぺちょう,44.469878,143.123891
015628,北海道,紋別郡西興部村,ニシオコッペムラ,にしおこっぺむら,44.328853,142.944392
015636,北海道,紋別郡雄武町,オウムチョウ,おうむちょう,44.582551,142.96181
015750,北海道,有珠郡壮瞥町,ソウベツチョウ,そうべつちょう,42.552283,140.886014
015784,北海道,白老郡白老町,シラオイチョウ,しらおいちょう,42.55126,141.355955
016012,北海道,沙流郡日高町,ヒダカチョウ,ひだかちょう,42.48029,142.074398
016021,北海道,沙流郡平取町,ビラトリチョウ,びらとりちょう,42.585081,142.128523
016047,北海道,新冠郡新冠町,ニイカップチョウ,にいかっぷちょう,42.362406,142.318332
016071,北海道,浦河郡浦河町,ウラカワチョウ,うらかわちょう,42.168516,142.76812
016080,北海道,様似郡様似町,サマニチョウ,さまにちょう,42.127853,142.93355
016098,北海道,幌泉郡えりも町,エリモチョウ,えりもちょう,42.01628,143.148443
016101,北海道,日高郡新ひだか町,シンヒダカチョウ,しんひだかちょう,42.341281,142.368591
016314,北海道,河東郡音更町,オトフケチョウ,おとふけちょう,42.994143,143.19796
016322,北海道,河東郡士幌町,シホロチョウ,しほろちょう,43.168027,143.241377
016331,北海道,河東郡上士幌町,カミシホロチョウ,かみしほろちょう,43.232548,143.296189
016349,北海道,河東郡鹿追町,シカオイチョウ,しかおいちょう,43.099102,142.989043
016373,北海道,河西郡芽室町,メムロチョウ,めむろちょう,42.91186,143.050863
016381,北海道,河西郡中札内村,ナカサツナイムラ,なかさつないむら,42.697614,143.132443
016390,北海道,河西郡更別村,サラベツムラ,さらべつむら,42.650351,143.187858
016411,北海道,広尾郡大樹町,タイキチョウ,たいきちょう,42.49754,143.278814
016420,北海道,広尾郡広尾町,ヒロオチョウ,ひろおちょう,42.285838,143.311496
016471,北海道,足寄郡足寄町,アショロチョウ,あしょろちょう,43.244801,143.553905
016489,北海道,足寄郡陸別町,リクベツチョウ,りくべつちょう,43.468981,143.747243
016497,北海道,十勝郡浦幌町,ウラホロチョウ,うらほろちょう,42.808927,143.658396
016616,北海道,釧路郡釧路町,クシロチョウ,くしろちょう,42.996045,144.466032
016624,北海道,厚岸郡厚岸町,アッケシチョウ,あっけしちょう,43.051871,144.84736
016632,北海道,厚岸郡浜中町,ハマナカチョウ,はまなかちょう,43.077145,145.129369
016641,北海道,川上郡標茶町,シベチャチョウ,しべちゃちょう,43.30344,144.600779
016659,北海道,川上郡弟子屈町,テシカガチョウ,てしかがちょう,43.485348,144.459221
016675,北海道,阿寒郡鶴居村,ツルイムラ,つるいむら,43.229887,144.321216
016683,北海道,白糠郡白糠町,シラヌカチョウ,しらぬかちょう,42.956177,144.071805
016918,北海道,野付郡別海町,ベツカイチョウ,べつかいちょう,43.393787,145.117271
016926,北海道,標津郡中標津町,ナカシベツチョウ,なかしべつちょう,43.555242,144.971391
016934,北海道,標津郡標津町,シベツチョウ,しべつちょう,43.661387,145.131319
016942,北海道,目梨郡羅臼町,ラウスチョウ,らうすちょう,44.021876,145.18962
022012,青森県,青森市,アオモリシ,あおもりし,40.822072,140.747365
022021,青森県,弘前市,ヒロサキシ,ひろさきし,40.603124,140.463922
022039,青森県,八戸市,ハチノヘシ,はちのへし,40.512284,141.488399
022047,青森県,黒石市,クロイシシ,くろいしし,40.642632,140.594645
022055,青森県,五所川原市,ゴショガワラシ,ごしょがわらし,40.808002,140.44009
022063,青森県,十和田市,トワダシ,とわだし,40.612703,141.205908
022071,青森県,三沢市,ミサワシ,みさわし,40.683134,141.368976
022080,青森県,むつ市,ムツシ,むつし,41.292746,141.183476
022098,青森県,つがる市,ツガルシ,つがるし,40.808639,140.380059
022101,青森県,平川市,ヒラカワシ,ひらかわし,40.584011,140.566478
023019,青森県,東津軽郡平内町,ヒラナイマチ,ひらないまち,40.926031,140.95592
023035,青森県,東津軽郡今別町,イマベツマチ,いまべつまち,41.181757,140.481654
023043,青森県,東津軽郡蓬田村,ヨモギタムラ,よもぎたむら,40.971714,140.655966
023078,青森県,東津軽郡外ヶ浜町,ソトガハママチ,そとがはままち,41.043159,140.632296
023213,青森県,西津軽郡鰺ヶ沢町,アジガサワマチ,あじがさわまち,40.779913,140.208695
023230,青森県,西津軽郡深浦町,フカウラマチ,ふかうらまち,40.647895,139.927375
023434,青森県,中津軽郡西目屋村,ニシメヤムラ,にしめやむら,40.576709,140.296288
023612,青森県,南津軽郡藤崎町,フジサキマチ,ふじさきまち,40.656069,140.502811
023621,青森県,南津軽郡大鰐町,オオワニマチ,おおわにまち,40.518188,140.567828
023671,青森県,南津軽郡田舎館村,イナカダテムラ,いなかだてむら,40.631252,140.550116
023817,青森県,北津軽郡板柳町,イタヤナギムラ,いたやなぎまち,40.695894,140.457324
023841,青森県,北津軽郡鶴田町,ツルタマチ,つるたまち,40.758605,140.428382
023876,青森県,北津軽郡中泊町,ナカドマリマチ,なかどまりまち,40.965179,140.43984
024015,青森県,上北郡野辺地町,ノヘジマチ,のへじまち,40.864469,141.128757
024023,青森県,上北郡七戸町,シチノヘマチ,しちのへまち,40.697416,141.151021
024058,青森県,上北郡六戸町,ロクノヘマチ,ろくのへまち,40.609521,141.324949
024066,青森県,上北郡横浜町,ヨコハママチ,よこはままち,41.083147,141.247793
024082,青森県,上北郡東北町,トウホクマチ,とうほくまち,40.727876,141.257882
024112,青森県,上北郡六ヶ所村,ロッカショムラ,ろっかしょむら,40.967344,141.374552
024121,青森県,上北郡おいらせ町,オイラセチョウ,おいらせちょう,40.599107,141.397797
024236,青森県,下北郡大間町,オオママチ,おおままち,41.526771,140.907438
024244,青森県,下北郡東通村,ヒガシドオリムラ,ひがしどおりむら,41.277787,141.328936
024252,青森県,下北郡風間浦村,カザマウラムラ,かざまうらむら,41.487574,140.995729
024261,青森県,下北郡佐井村,サイムラ,さいむら,41.429706,140.859129
024414,青森県,三戸郡三戸町,サンノヘマチ,さんのへまち,40.378407,141.258745
024422,青森県,三戸郡五戸町,ゴノヘマチ,ごのへまち,40.531225,141.30779
024431,青森県,三戸郡田子町,タッコマチ,たっこまち,40.339962,141.15205
024457,青森県,三戸郡南部町,ナンブチョウ,なんぶちょう,40.466593,141.381986
024465,青森県,三戸郡階上町,ハシカミチョウ,はしかみちょう,40.452489,141.620851
024503,青森県,三戸郡新郷村,シンゴウムラ,しんごうむら,40.465626,141.173464
032018,岩手県,盛岡市,モリオカシ,もりおかし,39.702053,141.154484
032026,岩手県,宮古市,ミヤコシ,みやこし,39.64142,141.95714
032034,岩手県,大船渡市,オオフナトシ,おおふなとし,39.081901,141.70853
032051,岩手県,花巻市,ハナマキシ,はなまきし,39.388578,141.116645
032069,岩手県,北上市,キタカミシ,きたかみし,39.286765,141.113191
032077,岩手県,久慈市,クジシ,くじし,40.190524,141.775583
032085,岩手県,遠野市,トオノシ,とおのし,39.327838,141.533303
032093,岩手県,一関市,イチノセキシ,いちのせきし,38.934682,141.1268
032107,岩手県,陸前高田市,リクゼンタカタシ,りくぜんたかたし,39.027661,141.625495
032115,岩手県,釜石市,カマイシシ,かまいしし,39.275818,141.885677
032131,岩手県,二戸市,ニノヘシ,にのへし,40.271213,141.304817
032140,岩手県,八幡平市,ハチマンタイシ,はちまんたいし,39.956477,141.071292
032158,岩手県,奥州市,オウシュウシ,おうしゅうし,39.144529,141.139141
032166,岩手県,滝沢市,タキザワシ,たきざわし,39.734684,141.077095
033014,岩手県,岩手郡雫石町,シズクイシチョウ,しずくいしちょう,39.696288,140.975776
033022,岩手県,岩手郡葛巻町,クズマキマチ,くずまきまち,40.039896,141.436465
033031,岩手県,岩手郡岩手町,イワテマチ,いわてまち,39.97259,141.212516
033219,岩手県,紫波郡紫波町,シワチョウ,しわちょう,39.554568,141.155659
033227,岩手県,紫波郡矢巾町,ヤハバチョウ,やはばちょう,39.605981,141.142889
033669,岩手県,和賀郡西和賀町,ニシワガマチ,にしわがまち,39.434621,140.750124
033812,岩手県,胆沢郡金ケ崎町,カネガサキチョウ,かねがさきちょう,39.195742,141.116324
034029,岩手県,西磐井郡平泉町,ヒライズミチョウ,ひらいずみちょう,38.986662,141.113822
034410,岩手県,気仙郡住田町,スミタチョウ,すみたちょう,39.14223,141.575047
034614,岩手県,上閉伊郡大槌町,オオツチチョウ,おおつちちょう,39.358231,141.899422
034827,岩手県,下閉伊郡山田町,ヤマダマチ,やまだまち,39.467662,141.94895
034835,岩手県,下閉伊郡岩泉町,イワイズミチョウ,いわいずみちょう,39.843042,141.796303
034843,岩手県,下閉伊郡田野畑村,タノハタムラ,たのはたむら,39.93045,141.888868
034851,岩手県,下閉伊郡普代村,フダイムラ,ふだいむら,40.005167,141.885908
035017,岩手県,九戸郡軽米町,カルマイマチ,かるまいまち,40.326746,141.460633
035033,岩手県,九戸郡野田村,ノダムラ,のだむら,40.110266,141.817668
035068,岩手県,九戸郡九戸村,クノヘムラ,くのへむら,40.211392,141.418985
035076,岩手県,九戸郡洋野町,ヒロノチョウ,ひろのちょう,40.284263,141.624833
035246,岩手県,二戸郡一戸町,イチノヘマチ,いちのへまち,40.213011,141.295475
041017,宮城県,仙台市青葉区,センダイシアオバク,せんだいしあおばく,38.269076,140.870403
041025,宮城県,仙台市宮城野区,センダイシミヤギノク,せんだいしみやぎのく,38.266139,140.909832
041033,宮城県,仙台市若林区,センダイシワカバヤシク,せんだいしわかばやしく,38.244224,140.900756
041041,宮城県,仙台市太白区,センダイシタイハクク,せんだいしたいはくく,38.224348,140.877134
041050,宮城県,仙台市泉区,センダイシイズミク,せんだいしいずみく,38.326375,140.881629
042021,宮城県,石巻市,イシノマキシ,いしのまきし,38.43448,141.302917
042030,宮城県,塩竈市,シオガマシ,しおがまし,38.314362,141.022027
042056,宮城県,気仙沼市,ケセンヌマシ,けせんぬまし,38.908078,141.569992
042064,宮城県,白石市,シロイシシ,しろいしし,38.002478,140.61986
042072,宮城県,名取市,ナトリシ,なとりし,38.17152,140.891913
042081,宮城県,角田市,カクダシ,かくだし,37.977063,140.78199
042099,宮城県,多賀城市,タガジョウシ,たがじょうし,38.293839,141.004225
042111,宮城県,岩沼市,イワヌマシ,いわぬまし,38.104292,140.870138
042129,宮城県,登米市,トメシ,とめし,38.691923,141.187579
042137,宮城県,栗原市,クリハラシ,くりはらし,38.730128,141.021333
042145,宮城県,東松島市,ヒガシマツシマシ,ひがしまつしまし,38.426168,141.210242
042153,宮城県,大崎市,オオサキシ,おおさきし,38.577071,140.95535
043010,宮城県,刈田郡蔵王町,ザオウマチ,ざおうまち,38.098164,140.658416
043028,宮城県,刈田郡七ヶ宿町,シチカシュクマチ,しちかしゅくまち,37.993063,140.441612
043214,宮城県,柴田郡大河原町,オオガワラマチ,おおがわらまち,38.049493,140.730721
043222,宮城県,柴田郡村田町,ムラタマチ,むらたまち,38.118539,140.722404
043231,宮城県,柴田郡柴田町,シバタマチ,しばたまち,38.056563,140.76579
043249,宮城県,柴田郡川崎町,カワサキマチ,かわさきまち,38.177737,140.643202
043419,宮城県,伊具郡丸森町,マルモリマチ,まるもりまち,37.911429,140.765528
043613,宮城県,亘理郡亘理町,ワタリチョウ,わたりちょう,38.03746,140.852581
043621,宮城県,亘理郡山元町,ヤマモトチョウ,やまもとちょう,37.961668,140.877818
044016,宮城県,宮城郡松島町,マツシママチ,まつしままち,38.380128,141.067244
044041,宮城県,宮城郡七ヶ浜町,シチガハママチ,しちがはままち,38.304613,141.059186
044067,宮城県,宮城郡利府町,リフチョウ,りふちょう,38.33019,140.975722
044211,宮城県,黒川郡大和町,タイワチョウ,たいわちょう,38.437329,140.886306
044229,宮城県,黒川郡大郷町,オオサトチョウ,おおさとちょう,38.42426,141.004445
044237,宮城県,富谷市,トミヤシ,とみやし,38.399815,140.895408
044245,宮城県,黒川郡大衡村,オオヒラムラ,おおひらむら,38.467226,140.880087
044440,宮城県,加美郡色麻町,シカマチョウ,しかまちょう,38.54892,140.849878
044458,宮城県,加美郡加美町,カミマチ,かみまち,38.571767,140.854751
045012,宮城県,遠田郡涌谷町,ワクヤチョウ,わくやちょう,38.539646,141.128075
045055,宮城県,遠田郡美里町,ミサトマチ,みさとまち,38.544391,141.056695
045811,宮城県,牡鹿郡女川町,オナガワチョウ,おながわちょう,38.449733,141.443088
046060,宮城県,本吉郡南三陸町,ミナミサンリクチョウ,みなみさんりくちょう,38.679771,141.460514
052019,秋田県,秋田市,アキタシ,あきたし,39.720008,140.102564
052027,秋田県,能代市,ノシロシ,のしろし,40.212151,140.026624
052035,秋田県,横手市,ヨコテシ,よこてし,39.313782,140.566649
052043,秋田県,大館市,オオダテシ,おおだてし,40.271405,140.564285
052060,秋田県,男鹿市,オガシ,おがし,39.886818,139.847558
052078,秋田県,湯沢市,ユザワシ,ゆざわし,39.164304,140.495663
052094,秋田県,鹿角市,カヅノシ,かづのし,40.215778,140.788436
052108,秋田県,由利本荘市,ユリホンジョウシ,ゆりほんじょうし,39.385877,140.048791
052116,秋田県,潟上市,カタガミシ,かたがみし,39.857288,140.013054
052124,秋田県,大仙市,ダイセンシ,だいせんし,39.453088,140.475448
052132,秋田県,北秋田市,キタアキタシ,きたあきたし,40.226054,140.370742
052141,秋田県,にかほ市,ニカホシ,にかほし,39.203012,139.907713
052159,秋田県,仙北市,センボクシ,せんぼくし,39.700069,140.730588
053031,秋田県,鹿角郡小坂町,コサカマチ,こさかまち,40.333092,140.736081
053279,秋田県,北秋田郡上小阿仁村,カミコアニムラ,かみこあにむら,40.063266,140.295767
053465,秋田県,山本郡藤里町,フジサトマチ,ふじさとまち,40.27836,140.261704
053481,秋田県,山本郡三種町,ミタネチョウ,みたねちょう,40.101626,140.004748
053490,秋田県,山本郡八峰町,ハッポウチョウ,はっぽうちょう,40.318724,140.038648
053619,秋田県,南秋田郡五城目町,ゴジョウメマチ,ごじょうめまち,39.943892,140.111306
053635,秋田県,南秋田郡八郎潟町,ハチロウガタマチ,はちろうがたまち,39.949382,140.073318
053660,秋田県,南秋田郡井川町,イカワマチ,いかわまち,39.914169,140.081294
053686,秋田県,南秋田郡大潟村,オオガタムラ,おおがたむら,40.017792,139.960067
054348,秋田県,仙北郡美郷町,ミサトチョウ,みさとちょう,39.461905,140.581299
054631,秋田県,雄勝郡羽後町,ウゴマチ,うごまち,39.199323,140.412923
054640,秋田県,雄勝郡東成瀬村,ヒガシナルセムラ,ひがしなるせむら,39.179183,140.64889
062014,山形県,山形市,ヤマガタシ,やまがたし,38.255439,140.339602
062022,山形県,米沢市,ヨネザワシ,よねざわし,37.92224,140.116781
062031,山形県,鶴岡市,ツルオカシ,つるおかし,38.727197,139.826731
062049,山形県,酒田市,サカタシ,さかたし,38.914433,139.836515
062057,山形県,新庄市,シンジョウシ,しんじょうし,38.765015,140.301608
062065,山形県,寒河江市,サガエシ,さがえし,38.380964,140.275967
062073,山形県,上山市,カミノヤマシ,かみのやまし,38.149562,140.267827
062081,山形県,村山市,ムラヤマシ,むらやまし,38.483344,140.380372
062090,山形県,長井市,ナガイシ,ながいし,38.107494,140.040524
062103,山形県,天童市,テンドウシ,てんどうし,38.362265,140.377886
062111,山形県,東根市,ヒガシネシ,ひがしねし,38.431354,140.39109
062120,山形県,尾花沢市,オバナザワシ,おばなざわし,38.600622,140.405691
062138,山形県,南陽市,ナンヨウシ,なんようし,38.055141,140.148375
063011,山形県,東村山郡山辺町,ヤマノベマチ,やまのべまち,38.289114,140.262178
063029,山形県,東村山郡中山町,ナカヤママチ,なかやままち,38.333114,140.283034
063215,山形県,西村山郡河北町,カホクチョウ,かほくちょう,38.426271,140.314284
063223,山形県,西村山郡西川町,ニシカワマチ,にしかわまち,38.426499,140.147347
063231,山形県,西村山郡朝日町,アサヒマチ,あさひまち,38.299248,140.145926
063240,山形県,西村山郡大江町,オオエマチ,おおえまち,38.380648,140.207013
063410,山形県,北村山郡大石田町,オオイシダマチ,おおいしだまち,38.593863,140.37268
063614,山形県,最上郡金山町,カネヤママチ,かねやままち,38.883357,140.339456
063622,山形県,最上郡最上町,モガミマチ,もがみまち,38.758387,140.519354
063631,山形県,最上郡舟形町,フナガタマチ,ふながたまち,38.691444,140.319776
063649,山形県,最上郡真室川町,マムロガワマチ,まむろがわまち,38.857859,140.252301
063657,山形県,最上郡大蔵村,オオクラムラ,おおくらむら,38.704182,140.230374
063665,山形県,最上郡鮭川村,サケガワムラ,さけがわむら,38.796457,140.222052
063673,山形県,最上郡戸沢村,トザワムラ,とざわむら,38.737473,140.143804
063819,山形県,東置賜郡高畠町,タカハタマチ,たかはたまち,38.002736,140.18916
063827,山形県,東置賜郡川西町,カワニシマチ,かわにしまち,38.004479,140.04579
064017,山形県,西置賜郡小国町,オグニマチ,おぐにまち,38.061627,139.743364
064025,山形県,西置賜郡白鷹町,シラタカマチ,しらたかまち,38.183095,140.098438
064033,山形県,西置賜郡飯豊町,シラタカマチ,いいでまち,38.045827,139.987529
064262,山形県,東田川郡三川町,ミカワマチ,みかわまち,38.794487,139.849696
064289,山形県,東田川郡庄内町,ショウナイマチ,しょうないまち,38.849915,139.904745
064611,山形県,飽海郡遊佐町,ユザマチ,ゆざまち,39.014616,139.907352
072010,福島県,福島市,フクシマシ,ふくしまし,37.760834,140.474728
072028,福島県,会津若松市,アイヅワカマツシ,あいづわかまつし,37.494761,139.92981
072036,福島県,郡山市,コオリヤマシ,こおりやまし,37.400529,140.359742
072044,福島県,いわき市,イワキシ,いわきし,37.05042,140.887682
072052,福島県,白河市,シラカワシ,しらかわし,37.126362,140.210943
072079,福島県,須賀川市,スカガワシ,すかがわし,37.292893,140.356975
072087,福島県,喜多方市,キタカタシ,きたかたし,37.651355,139.874609
072095,福島県,相馬市,ソウマシ,そうまし,37.796624,140.91947
072109,福島県,二本松市,ニホンマツシ,にほんまつし,37.584858,140.431129
072117,福島県,田村市,タムラシ,たむらし,37.44055,140.576422
072125,福島県,南相馬市,ミナミソウマシ,みなみそうまし,37.642161,140.957276
072133,福島県,伊達市,ダテシ,だてし,37.819138,140.562908
072141,福島県,本宮市,モトミヤシ,もとみやし,37.513131,140.39389
073016,福島県,伊達郡桑折町,コオリマチ,こおりまち,37.849537,140.516352
073032,福島県,伊達郡国見町,クニミマチ,くにみまち,37.837,140.549185
073083,福島県,伊達郡川俣町,カワマタマチ,かわまたまち,37.663922,140.597333
073229,福島県,安達郡大玉村,オオタマムラ,おおたまむら,37.534392,140.371189
073423,福島県,岩瀬郡鏡石町,カガミイシマチ,かがみいしまち,37.25283,140.343408
073440,福島県,岩瀬郡天栄村,テンエイムラ,てんえいむら,37.255606,140.247074
073628,福島県,南会津郡下郷町,シモゴウマチ,しもごうまち,37.25558,139.872128
073644,福島県,南会津郡檜枝岐村,ヒノエマタムラ,ひのえまたむら,37.024146,139.388945
073679,福島県,南会津郡只見町,タダミマチ,ただみまち,37.348801,139.316091
073687,福島県,南会津郡南会津町,ミナミアイヅマチ,みなみあいづまち,37.200395,139.773199
074021,福島県,耶麻郡北塩原村,キタシオバラムラ,きたしおばらむら,37.655715,139.937374
074055,福島県,耶麻郡西会津町,ニシアイヅマチ,にしあいづまち,37.588798,139.647495
074071,福島県,耶麻郡磐梯町,バンダイマチ,ばんだいまち,37.562115,139.98878
074080,福島県,耶麻郡猪苗代町,"","",37.557768,140.104761
074217,福島県,河沼郡会津坂下町,アイヅバンゲマチ,あいづばんげまち,37.561481,139.821643
074225,福島県,河沼郡湯川村,ユガワムラ,ゆがわむら,37.565299,139.886778
074233,福島県,河沼郡柳津町,ヤナイヅマチ,やないづまち,37.52616,139.719542
074446,福島県,大沼郡三島町,ミシママチ,みしままち,37.470369,139.644447
074454,福島県,大沼郡金山町,カネヤママチ,かねやままち,37.453851,139.524298
074462,福島県,大沼郡昭和村,ショウワムラ,しょうわむら,37.335416,139.61066
074471,福島県,大沼郡会津美里町,アイヅミサトマチ,あいづみさとまち,37.459854,139.841178
074616,福島県,西白河郡西郷村,ニシゴウムラ,にしごうむら,37.141696,140.155364
074641,福島県,西白河郡泉崎村,イズミザキムラ,いずみざきむら,37.157052,140.295252
074659,福島県,西白河郡中島村,ナカジマムラ,なかじまむら,37.148757,140.350204
074667,福島県,西白河郡矢吹町,ヤブキマチ,やぶきまち,37.201278,140.338608
074811,福島県,東白川郡棚倉町,タナグラマチ,たなぐらまち,37.029905,140.379648
074829,福島県,東白川郡矢祭町,ヤマツリマチ,やまつりまち,36.871403,140.424783
074837,福島県,東白川郡塙町,ハナワマチ,はなわまち,36.957437,140.409573
074845,福島県,東白川郡鮫川村,サメガワムラ,さめがわむら,37.042327,140.509669
075019,福島県,石川郡石川町,イシカワマチ,いしかわまち,37.14433,140.452351
075027,福島県,石川郡玉川村,タマカワムラ,たまかわむら,37.210706,140.409038
075035,福島県,石川郡平田村,ヒラタムラ,ひらたむら,37.221786,140.575876
075043,福島県,石川郡浅川町,アサカワマチ,あさかわまち,37.080995,140.412809
075051,福島県,石川郡古殿町,フルドノマチ,ふるどのまち,37.089093,140.555649
075213,福島県,田村郡三春町,ミハルマチ,みはるまち,37.441048,140.492569
075221,福島県,田村郡小野町,オノマチ,おのまち,37.286823,140.626277
075418,福島県,双葉郡広野町,ヒロノマチ,ひろのまち,37.214559,140.994458
075426,福島県,双葉郡楢葉町,ナラハマチ,ならはまち,37.2825,140.993611
075434,福島県,双葉郡富岡町,トミオカマチ,とみおかまち,37.333056,141.016944
075442,福島県,双葉郡川内村,カワウチムラ,かわうちむら,37.337691,140.809345
075451,福島県,双葉郡大熊町,オオクママチ,おおくままち,37.404444,140.983611
075469,福島県,双葉郡双葉町,フタバマチ,ふたばまち,37.449167,141.0125
075477,福島県,双葉郡浪江町,ナミエマチ,なみえまち,37.483333,141.0
075485,福島県,双葉郡葛尾村,カツラオムラ,かつらおむら,37.503611,140.764444
075612,福島県,相馬郡新地町,シンチマチ,しんちまち,37.876357,140.919599
075647,福島県,相馬郡飯舘村,イイタテムラ,いいたてむら,37.67919,140.735247
082015,茨城県,水戸市,ミトシ,みとし,36.366503,140.470996
082023,茨城県,日立市,ヒタチシ,ひたちし,36.599154,140.651469
082031,茨城県,土浦市,ツチウラシ,つちうらし,36.078297,140.204333
082040,茨城県,古河市,コガシ,こがし,36.184645,139.702525
082058,茨城県,石岡市,イシオカシ,いしおかし,36.190048,140.287556
082074,茨城県,結城市,ユウキシ,ゆうきし,36.305417,139.876641
082082,茨城県,龍ヶ崎市,リュウガサキシ,りゅうがさきし,35.911594,140.182264
082104,茨城県,下妻市,シモツマシ,しもつまし,36.184514,139.967374
082112,茨城県,常総市,ジョウソウシ,じょうそうし,36.023494,139.993617
082121,茨城県,常陸太田市,ヒタチオオタシ,ひたちおおたし,36.538275,140.53095
082147,茨城県,高萩市,タカハギシ,たかはぎし,36.719147,140.716688
082155,茨城県,北茨城市,キタイバラキシ,きたいばらきし,36.801911,140.750979
082163,茨城県,笠間市,カサマシ,かさまし,36.3453,140.304354
082171,茨城県,取手市,トリデシ,とりでし,35.911442,140.050468
082198,茨城県,牛久市,ウシクシ,うしくし,35.979375,140.149524
082201,茨城県,つくば市,ツクバシ,つくばし,36.083486,140.076642
082210,茨城県,ひたちなか市,ヒタチナカシ,ひたちなかし,36.396615,140.534676
082228,茨城県,鹿嶋市,カシマシ,かしまし,35.965756,140.644813
082236,茨城県,潮来市,イタコシ,いたこし,35.947123,140.555372
082244,茨城県,守谷市,モリヤシ,もりやし,35.951421,139.975391
082252,茨城県,常陸大宮市,ヒタチオオミヤシ,ひたちおおみやし,36.542577,140.41089
082261,茨城県,那珂市,ナカシ,なかし,36.457469,140.486854
082279,茨城県,筑西市,チクセイシ,ちくせいし,36.307053,139.983123
082287,茨城県,坂東市,バンドウシ,ばんどうし,36.048738,139.88832
082295,茨城県,稲敷市,イナシキシ,いなしきし,35.956492,140.323908
082309,茨城県,かすみがうら市,カスミガウラシ,かすみがうらし,36.094529,140.330691
082317,茨城県,桜川市,サクラガワシ,さくらがわし,36.32725,140.090433
082325,茨城県,神栖市,カミスシ,かみすし,35.889966,140.664513
082333,茨城県,行方市,ナメガタシ,なめがたし,35.990416,140.489025
082341,茨城県,鉾田市,ホコタシ,ほこたし,36.15864,140.516461
082350,茨城県,つくばみらい市,ツクバミライシ,つくばみらいし,35.963024,140.03702
082368,茨城県,小美玉市,オミタマシ,おみたまし,36.239345,140.352576
083020,茨城県,東茨城郡茨城町,イバラキマチ,いばらきまち,36.286921,140.424514
083097,茨城県,東茨城郡大洗町,オオアライマチ,おおあらいまち,36.313443,140.574974
083101,茨城県,東茨城郡城里町,シロサトマチ,しろさとまち,36.479363,140.376166
083411,茨城県,那珂郡東海村,トウカイムラ,とうかいむら,36.47288,140.566299
083640,茨城県,久慈郡大子町,ダイゴマチ,だいごまち,36.768096,140.355266
084425,茨城県,稲敷郡美浦村,ミホムラ,みほむら,36.004562,140.301914
084433,茨城県,稲敷郡阿見町,アミマチ,あみまち,36.030795,140.214786
084476,茨城県,稲敷郡河内町,カワチマチ,かわちまち,35.884794,140.244465
085219,茨城県,結城郡八千代町,ヤチヨマチ,やちよまち,36.181635,139.891129
085421,茨城県,猿島郡五霞町,ゴカマチ,ごかまち,36.114113,139.745832
085464,茨城県,猿島郡境町,サカイマチ,さかいまち,36.108426,139.794961
085642,茨城県,北相馬郡利根町,トネマチ,とねまち,35.857747,140.139148
092011,栃木県,宇都宮市,ウツノミヤシ,うつのみやし,36.555112,139.882807
092029,栃木県,足利市,アシカガシ,あしかがし,36.340151,139.449698
092037,栃木県,栃木市,トチギシ,とちぎし,36.38238,139.734081
092045,栃木県,佐野市,サノシ,さのし,36.308578,139.593118
092053,栃木県,鹿沼市,カヌマシ,かぬまし,36.567111,139.745013
092061,栃木県,日光市,ニッコウシ,にっこうし,36.719903,139.698216
092088,栃木県,小山市,オヤマシ,おやまし,36.314671,139.800131
092096,栃木県,真岡市,モオカシ,もおかし,36.440419,140.013442
092100,栃木県,大田原市,オオタワラシ,おおたわらし,36.871484,140.017419
092118,栃木県,矢板市,ヤイタシ,やいたし,36.806686,139.924054
092134,栃木県,那須塩原市,ナスシオバラシ,なすしおばらし,36.961698,140.046066
092142,栃木県,さくら市,サクラシ,さくらし,36.685301,139.966452
092151,栃木県,那須烏山市,ナスカラスヤマシ,なすからすやまし,36.656893,140.151426
092169,栃木県,下野市,シモツケシ,しもつけし,36.387195,139.841967
093017,栃木県,河内郡上三川町,カミノカワマチ,かみのかわまち,36.439296,139.909884
093424,栃木県,芳賀郡益子町,マシコマチ,ましこまち,36.467353,140.093378
093432,栃木県,芳賀郡茂木町,モテギマチ,もてぎまち,36.53212,140.187565
093441,栃木県,芳賀郡市貝町,イチカイマチ,いちかいまち,36.543308,140.102046
093459,栃木県,芳賀郡芳賀町,ハガマチ,はがまち,36.548323,140.058196
093611,栃木県,下都賀郡壬生町,ミブマチ,みぶまち,36.427058,139.803932
093645,栃木県,下都賀郡野木町,ノギマチ,のぎまち,36.233251,139.74075
093840,栃木県,塩谷郡塩谷町,シオヤマチ,しおやまち,36.777613,139.85057
093866,栃木県,塩谷郡高根沢町,タカネザワマチ,たかねざわまち,36.630973,139.986684
094072,栃木県,那須郡那須町,ナスマチ,なすまち,37.019731,140.121017
094111,栃木県,那須郡那珂川町,ナカガワマチ,なかがわまち,36.761661,140.130072
102016,群馬県,前橋市,マエバシシ,まえばしし,36.389482,139.063428
102024,群馬県,高崎市,タカサキシ,たかさきし,36.321909,139.003294
102032,群馬県,桐生市,キリュウシ,きりゅうし,36.405491,139.330688
102041,群馬県,伊勢崎市,イセサキシ,いせさきし,36.311364,139.19677
102059,群馬県,太田市,オオタシ,おおたし,36.291122,139.375471
102067,群馬県,沼田市,ヌマタシ,ぬまたし,36.646077,139.044161
102075,群馬県,館林市,タテバヤシシ,たてばやしし,36.244849,139.541968
102083,群馬県,渋川市,シブカワシ,しぶかわし,36.489471,139.000448
102091,群馬県,藤岡市,フジオカシ,ふじおかし,36.258477,139.074439
102105,群馬県,富岡市,トミオカシ,とみおかし,36.259896,138.889932
102113,群馬県,安中市,アンナカシ,あんなかし,36.326368,138.887324
102121,群馬県,みどり市,ミドリシ,みどりし,36.394838,139.281135
103446,群馬県,北群馬郡榛東村,シントウムラ,しんとうむら,36.438642,138.967118
103454,群馬県,北群馬郡吉岡町,ヨシオカマチ,よしおかまち,36.447501,139.009766
103667,群馬県,多野郡上野村,ウエノムラ,うえのむら,36.083143,138.777376
103675,群馬県,多野郡神流町,カンナマチ,かんなまち,36.116056,138.916955
103829,群馬県,甘楽郡下仁田町,シモニタマチ,しもにたまち,36.21239,138.789094
103837,群馬県,甘楽郡南牧村,ナンモクムラ,なんもくむら,36.158548,138.711406
103845,群馬県,甘楽郡甘楽町,カンラマチ,かんらまち,36.242954,138.921682
104213,群馬県,吾妻郡中之条町,ナカノジヨウマチ,なかのじようまち,36.589893,138.840986
104248,群馬県,吾妻郡長野原町,ナガノハラマチ,ながのはらまち,36.552446,138.637477
104256,群馬県,吾妻郡嬬恋村,ツマゴイムラ,つまごいむら,36.516874,138.530182
104264,群馬県,吾妻郡草津町,クサツマチ,くさつまち,36.620778,138.596053
104281,群馬県,吾妻郡高山村,タカヤマムラ,たかやまむら,36.620887,138.943449
104299,群馬県,吾妻郡東吾妻町,ヒガシアガツママチ,ひがしあがつままち,36.571347,138.825472
104434,群馬県,利根郡片品村,カタシナムラ,かたしなむら,36.772469,139.225243
104442,群馬県,利根郡川場村,カワバムラ,かわばむら,36.694669,139.106534
104485,群馬県,利根郡昭和村,ショウワムラ,しょうわむら,36.639753,139.065865
104493,群馬県,利根郡みなかみ町,ミナカミマチ,みなかみまち,36.6787,138.999064
104647,群馬県,佐波郡玉村町,タマムラマチ,たまむらまち,36.304433,139.114913
105210,群馬県,邑楽郡板倉町,イタクラマチ,いたくらまち,36.222952,139.610271
105228,群馬県,邑楽郡明和町,メイワマチ,めいわまち,36.2113,139.534244
105236,群馬県,邑楽郡千代田町,チヨダマチ,ちよだまち,36.217754,139.442435
105244,群馬県,邑楽郡大泉町,オオイズミマチ,おおいずみまち,36.247902,139.40487
105252,群馬県,邑楽郡邑楽町,オウラマチ,おうらまち,36.252394,139.462286
111015,埼玉県,さいたま市西区,サイタマシニシク,さいたましにしく,35.925302,139.579472
111023,埼玉県,さいたま市北区,サイタマシキタク,さいたましきたく,35.931522,139.620346
111031,埼玉県,さいたま市大宮区,サイタマシオオミヤク,さいたましおおみやく,35.906487,139.628754
111040,埼玉県,さいたま市見沼区,サイタマシミヌマク,さいたましみぬまく,35.935206,139.654526
111058,埼玉県,さいたま市中央区,サイタマシチュウオウク,さいたましちゅうおうく,35.884096,139.626102
111066,埼玉県,さいたま市桜区,サイタマシサクラク,さいたましさくらく,35.85614,139.610352
111074,埼玉県,さいたま市浦和区,サイタマシウラワク,さいたましうらわく,35.861651,139.645435
111082,埼玉県,さいたま市南区,サイタマシミナミク,さいたましみなみく,35.845253,139.645352
111091,埼玉県,さいたま市緑区,サイタマシミドリク,さいたましみどりく,35.871087,139.68397
111104,埼玉県,さいたま市岩槻区,サイタマシイワツキク,さいたましいわつきく,35.949861,139.694191
112011,埼玉県,川越市,カワゴエシ,かわごえし,35.925101,139.485793
112020,埼玉県,熊谷市,クマガヤシ,くまがやし,36.14731,139.388645
112038,埼玉県,川口市,カワグチシ,かわぐちし,35.807738,139.724171
112062,埼玉県,行田市,ギヨウダシ,ぎようだし,36.138949,139.455643
112071,埼玉県,秩父市,チチブシ,ちちぶし,35.992055,139.084817
112089,埼玉県,所沢市,トコロザワシ,ところざわし,35.799672,139.46861
112097,埼玉県,飯能市,ハンノウシ,はんのうし,35.855731,139.327734
112101,埼玉県,加須市,カゾシ,かぞし,36.131438,139.601719
112119,埼玉県,本庄市,ホンジヨウシ,ほんじようし,36.243568,139.190393
112127,埼玉県,東松山市,ヒガシマツヤマシ,ひがしまつやまし,36.042126,139.399959
112143,埼玉県,春日部市,カスカベシ,かすかべし,35.975198,139.752301
112151,埼玉県,狭山市,サヤマシ,さやまし,35.852942,139.412213
112160,埼玉県,羽生市,ハニユウシ,はにゆうし,36.172626,139.548465
112178,埼玉県,鴻巣市,コウノスシ,こうのすし,36.065758,139.522169
112186,埼玉県,深谷市,フカヤシ,ふかやし,36.197444,139.281464
112194,埼玉県,上尾市,アゲオシ,あげおし,35.977381,139.593206
112216,埼玉県,草加市,ソウカシ,そうかし,35.825355,139.805402
112224,埼玉県,越谷市,コシガヤシ,こしがやし,35.891084,139.790938
112232,埼玉県,蕨市,ワラビシ,わらびし,35.825634,139.679708
112241,埼玉県,戸田市,トダシ,とだし,35.817616,139.677892
112259,埼玉県,入間市,イルマシ,いるまし,35.835766,139.391058
112275,埼玉県,朝霞市,アサカシ,あさかし,35.797252,139.593916
112283,埼玉県,志木市,シキシ,しきし,35.83675,139.580319
112291,埼玉県,和光市,ワコウシ,わこうし,35.781208,139.605793
112305,埼玉県,新座市,ニイザシ,にいざし,35.793511,139.565369
112313,埼玉県,桶川市,オケガワシ,おけがわし,36.005779,139.542531
112321,埼玉県,久喜市,クキシ,くきし,36.061995,139.666838
112330,埼玉県,北本市,キタモトシ,きたもとし,36.026768,139.530211
112348,埼玉県,八潮市,ヤシオシ,やしおし,35.822536,139.839175
112356,埼玉県,富士見市,フジミシ,ふじみし,35.856759,139.549074
112372,埼玉県,三郷市,ミサトシ,みさとし,35.830149,139.872275
112381,埼玉県,蓮田市,ハスダシ,はすだし,35.994307,139.662106
112399,埼玉県,坂戸市,サカドシ,さかどし,35.95717,139.402905
112402,埼玉県,幸手市,サッテシ,さってし,36.078072,139.725861
112411,埼玉県,鶴ヶ島市,ツルガシマシ,つるがしまし,35.934515,139.393098
112429,埼玉県,日高市,ヒダカシ,ひだかし,35.907796,139.339026
112437,埼玉県,吉川市,ヨシカワシ,よしかわし,35.891152,139.841375
112453,埼玉県,ふじみ野市,フジミノシ,ふじみのし,35.879538,139.519764
112461,埼玉県,白岡市,シラオカシ,しらおかし,36.019026,139.676925
113018,埼玉県,北足立郡伊奈町,イナマチ,いなまち,36.000112,139.624185
113247,埼玉県,入間郡三芳町,ミヨシマチ,みよしまち,35.828367,139.526432
113263,埼玉県,入間郡毛呂山町,モロヤママチ,もろやままち,35.941501,139.316067
113271,埼玉県,入間郡越生町,オゴセマチ,おごせまち,35.964478,139.294199
113417,埼玉県,比企郡滑川町,ナメガワマチ,なめがわまち,36.065987,139.360917
113425,埼玉県,比企郡嵐山町,ランザンマチ,らんざんまち,36.056655,139.320542
113433,埼玉県,比企郡小川町,オガワマチ,おがわまち,36.056697,139.261845
113468,埼玉県,比企郡川島町,カワジママチ,かわじままち,35.982014,139.481518
113476,埼玉県,比企郡吉見町,ヨシミマチ,よしみまち,36.039853,139.453728
113484,埼玉県,比企郡鳩山町,ハトヤママチ,はとやままち,35.981466,139.334101
113492,埼玉県,比企郡ときがわ町,トキガワマチ,ときがわまち,36.00862,139.296844
113611,埼玉県,秩父郡横瀬町,ヨコゼマチ,よこぜまち,35.987284,139.100046
113620,埼玉県,秩父郡皆野町,ミナノマチ,みなのまち,36.07084,139.098754
113638,埼玉県,秩父郡長瀞町,ナガトロマチ,ながとろまち,36.114803,139.109717
113654,埼玉県,秩父郡小鹿野町,オガノマチ,おがのまち,36.017129,139.008574
113697,埼玉県,秩父郡東秩父村,ヒガシチチブムラ,ひがしちちぶむら,36.058153,139.194607
113816,埼玉県,児玉郡美里町,ミサトマチ,みさとまち,36.177104,139.18141
113832,埼玉県,児玉郡神川町,カミカワマチ,かみかわまち,36.213876,139.101776
113859,埼玉県,児玉郡上里町,カミサトマチ,かみさとまち,36.251607,139.144826
114081,埼玉県,大里郡寄居町,ヨリイマチ,よりいまち,36.118348,139.193012
114421,埼玉県,南埼玉郡宮代町,ミヤシロマチ,みやしろまち,36.022682,139.722885
114642,埼玉県,北葛飾郡杉戸町,スギトマチ,すぎとまち,36.025765,139.736709
114651,埼玉県,北葛飾郡松伏町,マツブシマチ,まつぶしまち,35.925774,139.815178
121011,千葉県,千葉市中央区,チバシチュウオウク,ちばしちゅうおうく,35.608932,140.124636
121029,千葉県,千葉市花見川区,チバシハナミガワク,ちばしはなみがわく,35.662977,140.069167
121037,千葉県,千葉市稲毛区,チバシハイナゲク,ちばしいなげく,35.636212,140.107083
121045,千葉県,千葉市若葉区,チバシワカバク,ちばしわかばく,35.633988,140.155661
121053,千葉県,千葉市緑区,チバシミドリク,ちばしみどりく,35.560459,140.176164
121061,千葉県,千葉市美浜区,チバシミハマク,ちばしみはまく,35.640485,140.06304
122025,千葉県,銚子市,チョウシシ,ちょうしし,35.734681,140.826641
122033,千葉県,市川市,イチカワシ,いちかわし,35.721912,139.93101
122041,千葉県,船橋市,フナバシシ,ふなばしし,35.694706,139.982618
122050,千葉県,館山市,タテヤマシ,たてやまし,34.996506,139.869965
122068,千葉県,木更津市,キサラヅシ,きさらづし,35.381227,139.92486
122076,千葉県,松戸市,マツドシ,まつどし,35.787649,139.903093
122084,千葉県,野田市,ノダシ,のだし,35.955192,139.874764
122106,千葉県,茂原市,モバラシ,もばらし,35.428544,140.288027
122114,千葉県,成田市,ナリタシ,なりたし,35.776608,140.318781
122122,千葉県,佐倉市,サクラシ,さくらし,35.723486,140.223964
122131,千葉県,東金市,トウガネシ,とうがねし,35.559944,140.366092
122157,千葉県,旭市,アサヒシ,あさひし,35.720434,140.646469
122165,千葉県,習志野市,ナラシノシ,ならしのし,35.683035,140.024365
122173,千葉県,柏市,カシワシ,かしわし,35.867612,139.97585
122181,千葉県,勝浦市,カツウラシ,かつうらし,35.152283,140.320932
122190,千葉県,市原市,イチハラシ,いちはらし,35.497838,140.115665
122203,千葉県,流山市,ナガレヤマシ,ながれやまし,35.85631,139.90266
122211,千葉県,八千代市,ヤチヨシ,やちよし,35.722468,140.099772
122220,千葉県,我孫子市,アビコシ,あびこし,35.864123,140.028225
122238,千葉県,鴨川市,カモガワシ,かもがわし,35.113987,140.098711
122246,千葉県,鎌ケ谷市,カマガヤシ,かまがやし,35.77675,140.00079
122254,千葉県,君津市,キミツシ,きみつし,35.33045,139.902677
122262,千葉県,富津市,フッツシ,ふっつし,35.30412,139.857105
122271,千葉県,浦安市,ウラヤスシ,うらやすし,35.653984,139.902203
122289,千葉県,四街道市,ヨツカイドウシ,よつかいどうし,35.669816,140.167925
122297,千葉県,袖ケ浦市,ソデガウラシ,そでがうらし,35.429808,139.95443
122301,千葉県,八街市,ヤチマタシ,やちまたし,35.665917,140.317952
122319,千葉県,印西市,インザイシ,いんざいし,35.832348,140.145815
122327,千葉県,白井市,シロイシ,しろいし,35.7915,140.056372
122335,千葉県,富里市,トミサトシ,とみさとし,35.726808,140.343058
122343,千葉県,南房総市,ミナミボウソウシ,みなみぼうそうし,35.042991,139.840128
122351,千葉県,匝瑳市,ソウサシ,そうさし,35.707917,140.564281
122360,千葉県,香取市,カトリシ,かとりし,35.897735,140.499268
122378,千葉県,山武市,サンムシ,さんむし,35.602964,140.413506
122386,千葉県,いすみ市,イスミシ,いすみし,35.253889,140.385051
122394,千葉県,大網白里市,オオアミシラサトシ,おおあみしらさとし,35.521708,140.32096
123226,千葉県,印旛郡酒々井町,シスイマチ,しすいまち,35.724824,140.269547
123293,千葉県,印旛郡栄町,サカエマチ,さかえまち,35.840784,140.243831
123421,千葉県,香取郡神崎町,コウザキマチ,こうざきまち,35.901602,140.405285
123471,千葉県,香取郡多古町,タコマチ,たこまち,35.735434,140.467728
123498,千葉県,香取郡東庄町,トウノショウマチ,とうのしょうまち,35.83715,140.668581
124036,千葉県,山武郡九十九里町,クジユウクリマチ,くじゆうくりまち,35.535062,140.44025
124095,千葉県,山武郡芝山町,シバヤママチ,しばやままち,35.693056,140.414194
124109,千葉県,山武郡横芝光町,ヨコシバヒカリマチ,よこしばひかりまち,35.665568,140.504309
124214,千葉県,長生郡一宮町,イチノミヤマチ,いちのみやまち,35.372623,140.368659
124222,千葉県,長生郡睦沢町,ムツザワマチ,むつざわまち,35.361088,140.319273
124231,千葉県,長生郡長生村,チョウセイムラ,ちょうせいむら,35.412184,140.35406
124249,千葉県,長生郡白子町,シラコマチ,しらこまち,35.45434,140.374234
124265,千葉県,長生郡長柄町,ナガラマチ,ながらまち,35.431125,140.227059
124273,千葉県,長生郡長南町,チョウナンマチ,ちょうなんまち,35.386421,140.237065
124419,千葉県,夷隅郡大多喜町,オオタキマチ,おおたきまち,35.285191,140.245439
124435,千葉県,夷隅郡御宿町,オンジユクマチ,おんじゆくまち,35.191506,140.348796
124630,千葉県,安房郡鋸南町,キヨナンマチ,きよなんまち,35.111159,139.835509
131016,東京都,千代田区,チヨダク,ちよだく,35.694003,139.753595
131024,東京都,中央区,チュウオウク,ちゅうおうく,35.670651,139.771861
131032,東京都,港区,ミナトク,みなとく,35.658068,139.751599
131041,東京都,新宿区,シンジュクク,しんじゅくく,35.69384,139.703549
131059,東京都,文京区,ブンキョウク,ぶんきょうく,35.708068,139.752167
131067,東京都,台東区,タイトウク,たいとうく,35.712607,139.779996
131075,東京都,墨田区,スミダク,すみだく,35.710722,139.801497
131083,東京都,江東区,コウトウク,こうとうく,35.672854,139.81741
131091,東京都,品川区,シナガワク,しながわく,35.609226,139.730186
131105,東京都,目黒区,メグロク,めぐろく,35.641463,139.698171
131113,東京都,大田区,オオタク,おおたく,35.561257,139.716051
131121,東京都,世田谷区,セタガヤク,せたがやく,35.646572,139.653247
131130,東京都,渋谷区,シブヤク,しぶやく,35.661777,139.704051
131148,東京都,中野区,ナカノク,なかのく,35.707399,139.663835
131156,東京都,杉並区,スギナミク,すぎなみく,35.699566,139.636438
131164,東京都,豊島区,トシマク,としまく,35.726118,139.716605
131172,東京都,北区,キタク,きたく,35.752804,139.733481
131181,東京都,荒川区,アラカワク,あらかわく,35.73608,139.783369
131199,東京都,板橋区,イタバシク,いたばしく,35.751165,139.709244
131202,東京都,練馬区,ネリマク,ねりまく,35.735623,139.651658
131211,東京都,足立区,アダチク,あだちく,35.775664,139.804479
131229,東京都,葛飾区,カツシカク,かつしかく,35.743575,139.84718
131237,東京都,江戸川区,エドガワク,えどがわく,35.706657,139.868427
132012,東京都,八王子市,ハチオウジシ,はちおうじし,35.666339,139.315806
132021,東京都,立川市,タチカワシ,たちかわし,35.714014,139.407843
132039,東京都,武蔵野市,ムサシノシ,むさしのし,35.717784,139.56626
132047,東京都,三鷹市,ミタカシ,みたかし,35.683513,139.559584
132055,東京都,青梅市,オウメシ,おうめし,35.787996,139.27583
132063,東京都,府中市,フチュウシ,ふちゅうし,35.668974,139.477661
132071,東京都,昭島市,アキシマシ,あきしまし,35.705755,139.353548
132080,東京都,調布市,チョウフシ,ちょうふし,35.650615,139.540694
132098,東京都,町田市,マチダシ,まちだし,35.546631,139.438619
132101,東京都,小金井市,コガネイシ,こがねいし,35.699473,139.502992
132110,東京都,小平市,コダイラシ,こだいらし,35.728577,139.477456
132128,東京都,日野市,ヒノシ,ひのし,35.671337,139.394926
132136,東京都,東村山市,ヒガシムラヤマシ,ひがしむらやまし,35.754597,139.468489
132144,東京都,国分寺市,コクブンジシ,こくぶんじし,35.710335,139.463191
132152,東京都,国立市,クニタチシ,くにたちし,35.683885,139.44138
132187,東京都,福生市,フッサシ,ふっさし,35.738451,139.326932
132195,東京都,狛江市,コマエシ,こまえし,35.634912,139.578733
132209,東京都,東大和市,ヒガシヤマトシ,ひがしやまとし,35.745369,139.426593
132217,東京都,清瀬市,キヨセシ,きよせし,35.785753,139.52643
132225,東京都,東久留米市,ヒガシクルメシ,ひがしくるめし,35.758048,139.529739
132233,東京都,武蔵村山市,ムサシムラヤマシ,むさしむらやまし,35.754861,139.387399
132241,東京都,多摩市,タマシ,たまし,35.637004,139.446307
132250,東京都,稲城市,イナギシ,いなぎし,35.637924,139.504567
132276,東京都,羽村市,ハムラシ,はむらし,35.767222,139.310944
132284,東京都,あきる野市,アキルノシ,あきるのし,35.72892,139.294119
132292,東京都,西東京市,ニシトウキョウシ,にしとうきょうし,35.725496,139.538156
133035,東京都,西多摩郡瑞穂町,ミズホマチ,みずほまち,35.772036,139.353846
133051,東京都,西多摩郡日の出町,ヒノデマチ,ひのでまち,35.742142,139.257444
133078,東京都,西多摩郡檜原村,ヒノハラムラ,ひのはらむら,35.726839,139.148866
133086,東京都,西多摩郡奥多摩町,オクタママチ,おくたままち,35.809543,139.096197
133612,東京都,大島町,オオシママチ,おおしままち,34.75004,139.355579
133621,東京都,利島村,トシマムラ,としまむら,34.529364,139.282585
133639,東京都,新島村,ニイジマムラ,にいじまむら,34.377134,139.256571
133647,東京都,神津島村,コウヅシマムラ,こうづしまむら,34.205267,139.134255
133817,東京都,三宅村,ミヤケムラ,みやけむら,34.075774,139.479744
133825,東京都,御蔵島村,ミクラジマムラ,みくらじまむら,33.897366,139.596116
134015,東京都,八丈町,ハチジョウマチ,はちじょうまち,33.11274,139.789065
134023,東京都,青ヶ島村,アオガシマムラ,あおがしまむら,32.466459,139.763312
134210,東京都,小笠原村,オガサワラムラ,おがさわらむら,27.094366,142.191918
141011,神奈川県,横浜市鶴見区,ヨコハマシツルミク,よこはましつるみく,35.508404,139.68254
141020,神奈川県,横浜市神奈川区,ヨコハマシカナガワク,よこはましかながわく,35.476901,139.629431
141038,神奈川県,横浜市西区,ヨコハマシニシク,よこはましにしく,35.453623,139.61696
141046,神奈川県,横浜市中区,ヨコハマシナカク,よこはましなかく,35.444699,139.642178
141054,神奈川県,横浜市南区,ヨコハマシミナミク,よこはましみなみく,35.431462,139.608837
141062,神奈川県,横浜市保土ケ谷区,ヨコハマシホドガヤク,よこはましほどがやく,35.459953,139.595979
141071,神奈川県,横浜市磯子区,ヨコハマシイソゴク,よこはましいそごく,35.402439,139.618433
141089,神奈川県,横浜市金沢区,ヨコハマシカナザワク,よこはましかなざわく,35.33725,139.624408
141097,神奈川県,横浜市港北区,ヨコハマシコウホクク,よこはましこうほくく,35.519083,139.633024
141101,神奈川県,横浜市戸塚区,ヨコハマシトツカク,よこはましとつかく,35.400001,139.533507
141119,神奈川県,横浜市港南区,ヨコハマシコウナンク,よこはましこうなんく,35.40078,139.591167
141127,神奈川県,横浜市旭区,ヨコハマシアサヒク,よこはましあさひく,35.474836,139.54472
141135,神奈川県,横浜市緑区,ヨコハマシミドリク,よこはましみどりく,35.512396,139.538006
141143,神奈川県,横浜市瀬谷区,ヨコハマシセヤク,よこはましせやく,35.466026,139.49886
141151,神奈川県,横浜市栄区,ヨコハマシサカエク,よこはましさかえく,35.364348,139.554076
141160,神奈川県,横浜市泉区,ヨコハマシイズミク,よこはましいずみく,35.417938,139.488722
141178,神奈川県,横浜市青葉区,ヨコハマシアオバク,よこはましあおばく,35.552824,139.537019
141186,神奈川県,横浜市都筑区,ヨコハマシツヅキク,よこはましつづきく,35.544851,139.57053
141313,神奈川県,川崎市川崎区,カワサキシカワサキク,かわさきしかわさきく,35.529667,139.703848
141321,神奈川県,川崎市幸区,カワサキシサイワイク,かわさきしさいわいく,35.544293,139.686772
141330,神奈川県,川崎市中原区,カワサキシナカハラク,かわさきしなかはらく,35.576371,139.655709
141348,神奈川県,川崎市高津区,カワサキシタカツク,かわさきしたかつく,35.599462,139.607938
141356,神奈川県,川崎市多摩区,カワサキシタマク,かわさきしたまく,35.619489,139.562127
141364,神奈川県,川崎市宮前区,カワサキシミヤマエク,かわさきしみやまえく,35.589192,139.578469
141372,神奈川県,川崎市麻生区,カワサキシアサオク,かわさきしあさおく,35.60373,139.505747
141518,神奈川県,相模原市緑区,サガミハラシミドリク,さがみはらしみどりく,35.59565,139.33771
141526,神奈川県,相模原市中央区,サガミハラシチュウオウク,さがみはらしちゅうおうく,35.571384,139.373246
141534,神奈川県,相模原市南区,サガミハラシミナミク,さがみはらしみなみく,35.530297,139.430195
142018,神奈川県,横須賀市,ヨコスカシ,よこすかし,35.281341,139.672201
142034,神奈川県,平塚市,ヒラツカシ,ひらつかし,35.33511,139.349476
142042,神奈川県,鎌倉市,カマクラシ,かまくらし,35.319225,139.546687
142051,神奈川県,藤沢市,フジサワシ,ふじさわし,35.33917,139.490036
142069,神奈川県,小田原市,オダワラシ,おだわらし,35.264564,139.152154
142077,神奈川県,茅ヶ崎市,チガサキシ,ちがさきし,35.33386,139.404716
142085,神奈川県,逗子市,ズシシ,ずしし,35.295606,139.580423
142107,神奈川県,三浦市,ミウラシ,みうらし,35.144171,139.62077
142115,神奈川県,秦野市,ハダノシ,はだのし,35.374736,139.219943
142123,神奈川県,厚木市,アツギシ,あつぎし,35.443082,139.362489
142131,神奈川県,大和市,ヤマトシ,やまとし,35.487512,139.45795
142140,神奈川県,伊勢原市,イセハラシ,いせはらし,35.402969,139.314973
142158,神奈川県,海老名市,エビナシ,えびなし,35.446446,139.390803
142166,神奈川県,座間市,ザマシ,ざまし,35.488587,139.407673
142174,神奈川県,南足柄市,ミナミアシガラシ,みなみあしがらし,35.320715,139.0996
142182,神奈川県,綾瀬市,アヤセシ,あやせし,35.437175,139.426148
143014,神奈川県,三浦郡葉山町,ハヤママチ,はやままち,35.272089,139.5862
143219,神奈川県,高座郡寒川町,サムカワマチ,さむかわまち,35.372956,139.383861
143413,神奈川県,中郡大磯町,オオイソマチ,おおいそまち,35.30685,139.311314
143421,神奈川県,中郡二宮町,ニノミヤマチ,にのみやまち,35.299491,139.255402
143618,神奈川県,足柄上郡中井町,ナカイマチ,なかいまち,35.330717,139.218774
143626,神奈川県,足柄上郡大井町,オオチマチ,おおいまち,35.326674,139.156577
143634,神奈川県,足柄上郡松田町,マツダマチ,まつだまち,35.348159,139.139375
143642,神奈川県,足柄上郡山北町,ヤマキタマチ,やまきたまち,35.360605,139.083831
143669,神奈川県,足柄上郡開成町,カイセイマチ,かいせいまち,35.336427,139.123183
143821,神奈川県,足柄下郡箱根町,ハコネマチ,はこねまち,35.232355,139.106937
143839,神奈川県,足柄下郡真鶴町,まなづるまち,まなづるまち,35.158468,139.137119
143847,神奈川県,足柄下郡湯河原町,ユガワラマチ,ゆがわらまち,35.147964,139.108317
144011,神奈川県,愛甲郡愛川町,アイカワマチ,あいかわまち,35.528796,139.321717
144029,神奈川県,愛甲郡清川村,キヨカワムラ,きよかわむら,35.482383,139.276382
151017,新潟県,新潟市北区,ニイガタシキタク,にいがたしきたく,37.916243,139.218588
151025,新潟県,新潟市東区,ニイガタシヒガシク,にいがたしひがしく,37.924871,139.092591
151033,新潟県,新潟市中央区,ニイガタシチュウオウク,にいがたしちゅうおうく,37.916367,139.036326
151041,新潟県,新潟市江南区,ニイガタシコウナンク,にいがたしこうなんく,37.867646,139.093983
151050,新潟県,新潟市秋葉区,ニイガタシアキハク,にいがたしあきはく,37.788506,139.114631
151068,新潟県,新潟市南区,ニイガタシミナミク,にいがたしみなみく,37.765785,139.019127
151076,新潟県,新潟市西区,ニイガタシニシク,にいがたしにしく,37.874223,138.97194
151084,新潟県,新潟市西蒲区,ニイガタシニシカンク,にいがたしにしかんく,37.760464,138.889284
152021,新潟県,長岡市,ナガオカシ,ながおかし,37.446265,138.851277
152048,新潟県,三条市,サンジョウシ,さんじょうし,37.636768,138.961689
152056,新潟県,柏崎市,カシワザキシ,かしわざきし,37.3719,138.558984
152064,新潟県,新発田市,シバタシ,しばたし,37.950886,139.327892
152081,新潟県,小千谷市,オヂヤシ,おぢやし,37.314339,138.7951
152099,新潟県,加茂市,カモシ,かもし,37.666275,139.040198
152102,新潟県,十日町市,トオカマチシ,とおかまちし,37.127582,138.755708
152111,新潟県,見附市,ミツケシ,みつけし,37.531604,138.912825
152129,新潟県,村上市,ムラカミシ,むらかみし,38.223979,139.480021
152137,新潟県,燕市,ツバメシ,つばめし,37.673152,138.88223
152161,新潟県,糸魚川市,イトイガワシ,いといがわし,37.039028,137.862652
152170,新潟県,妙高市,ミョウコウシ,みょうこうし,37.025196,138.253473
152188,新潟県,五泉市,ゴセンシ,ごせんし,37.744536,139.182568
152226,新潟県,上越市,ジョウエツシ,じょうえつし,37.147848,138.23608
152234,新潟県,阿賀野市,アガノシ,あがのし,37.834501,139.225983
152242,新潟県,佐渡市,サドシ,さどし,38.018353,138.368082
152251,新潟県,魚沼市,ウオヌマシ,うおぬまし,37.244124,138.924361
152269,新潟県,南魚沼市,ミナミウオヌマシ,みなみうおぬまし,37.161428,138.925448
152277,新潟県,胎内市,タイナイシ,たいないし,38.059711,139.410342
153079,新潟県,北蒲原郡聖籠町,セイロウマチ,せいろうまち,37.974597,139.274336
153427,新潟県,西蒲原郡弥彦村,ヤヒコムラ,やひこむら,37.691066,138.855249
153613,新潟県,南蒲原郡田上町,タガミマチ,たがみまち,37.698826,139.057982
153851,新潟県,東蒲原郡阿賀町,アガマチ,あがまち,37.675485,139.45878
154059,新潟県,三島郡出雲崎町,イズモザキマチ,いずもざきまち,37.530707,138.709303
154610,新潟県,南魚沼郡湯沢町,ユザワマチ,ゆざわまち,36.934025,138.81744
154822,新潟県,中魚沼郡津南町,ツナンマチ,つなんまち,37.014274,138.652622
155047,新潟県,刈羽郡刈羽村,カリワムラ,かりわむら,37.422359,138.622442
155811,新潟県,岩船郡関川村,セキカワムラ,せきかわむら,38.089376,139.564918
155861,新潟県,岩船郡粟島浦村,アワシマウラムラ,あわしまうらむら,38.468267,139.254439
162019,富山県,富山市,トヤマシ,とやまし,36.695952,137.213677
162027,富山県,高岡市,タカオカシ,たかおかし,36.754096,137.025728
162043,富山県,魚津市,ウオヅシ,うおづし,36.827367,137.409215
162051,富山県,氷見市,ヒミシ,ひみし,36.855981,136.972849
162060,富山県,滑川市,ナメリカワシ,なめりかわし,36.764378,137.341191
162078,富山県,黒部市,クロベシ,くろべし,36.871508,137.44803
162086,富山県,砺波市,トナミシ,となみし,36.647534,136.962009
162094,富山県,小矢部市,オヤベシ,おやべし,36.675575,136.868622
162108,富山県,南砺市,ナントシ,なんとし,36.557513,136.875336
162116,富山県,射水市,イミズシ,いみずし,36.782455,137.079614
163210,富山県,中新川郡舟橋村,フナハシムラ,ふなはしむら,36.703531,137.307377
163228,富山県,中新川郡上市町,カミイチマチ,かみいちまち,36.698414,137.36238
163236,富山県,中新川郡立山町,タテヤママチ,たてやままち,36.663522,137.313697
163422,富山県,下新川郡入善町,ニュウゼンマチ,にゅうぜんまち,36.933511,137.502045
163431,富山県,下新川郡朝日町,アサヒマチ,あさひまち,36.94619,137.559943
172014,石川県,金沢市,カナザワシ,かなざわし,36.561325,136.656205
172022,石川県,七尾市,ナナオシ,ななおし,37.043102,136.967518
172031,石川県,小松市,コマツシ,こまつし,36.408351,136.445571
172049,石川県,輪島市,ワジマシ,わじまし,37.39059,136.899196
172057,石川県,珠洲市,スズシ,すずし,37.436347,137.260436
172065,石川県,加賀市,カガシ,かがし,36.302624,136.314627
172073,石川県,羽咋市,ハクイシ,はくいし,36.893599,136.778996
172090,石川県,かほく市,カホクシ,かほくし,36.719826,136.706727
172103,石川県,白山市,ハクサンシ,はくさんし,36.514427,136.565892
172111,石川県,能美市,ノミシ,のみし,36.446941,136.554242
172120,石川県,野々市市,ノノイチシ,ののいちし,36.519704,136.609971
173240,石川県,能美郡川北町,カワキタマチ,かわきたまち,36.46863,136.542304
173614,石川県,河北郡津幡町,ツバタマチ,つばたまち,36.668693,136.728442
173657,石川県,河北郡内灘町,ウチナダマチ,うちなだまち,36.653494,136.645086
173843,石川県,羽咋郡志賀町,シカマチ,しかまち,37.006312,136.77801
173860,石川県,羽咋郡宝達志水町,ホウダツシミズチョウ,ほうだつしみずちょう,36.862773,136.797529
174076,石川県,鹿島郡中能登町,ナカノトマチ,なかのとまち,36.988884,136.901832
174611,石川県,鳳珠郡穴水町,アナミズマチ,あなみずまち,37.230995,136.912475
174637,石川県,鳳珠郡能登町,ノトチョウ,のとちょう,37.353216,137.244521
182010,福井県,福井市,フクイシ,ふくいし,36.064067,136.219494
182028,福井県,敦賀市,ツルガシ,つるがし,35.645244,136.055441
182044,福井県,小浜市,オバマシ,おばまし,35.495593,135.746644
182052,福井県,大野市,オオノシ,おおのし,35.979814,136.487564
182061,福井県,勝山市,カツヤマシ,かつやまし,36.060945,136.500584
182079,福井県,鯖江市,サバエシ,さばえし,35.956553,136.184474
182087,福井県,あわら市,アワラシ,あわらし,36.211353,136.229025
182095,福井県,越前市,エチゼンシ,えちぜんし,35.903499,136.16878
182109,福井県,坂井市,サカイシ,さかいし,36.166925,136.231457
183229,福井県,吉田郡永平寺町,エイヘイジチョウ,えいへいじちょう,36.092256,136.298706
183822,福井県,今立郡池田町,イケダチョウ,いけだちょう,35.890472,136.343907
184047,福井県,南条郡南越前町,ミナミエチゼンチョウ,みなみえちぜんちょう,35.835164,136.194465
184233,福井県,丹生郡越前町,エチゼンチョウ,えちぜんちょう,35.974208,136.129743
184420,福井県,三方郡美浜町,ミハマチョウ,みはまちょう,35.60053,135.940543
184811,福井県,大飯郡高浜町,タカハマチョウ,たかはまちょう,35.490428,135.55099
184837,福井県,大飯郡おおい町,オオイチョウ,おおいちょう,35.481166,135.617828
185019,福井県,三方上中郡若狭町,ワカサチョウ,わかさちょう,35.461888,135.857211
192015,山梨県,甲府市,コウフシ,こうふし,35.66228,138.568202
192023,山梨県,富士吉田市,フジヨシダシ,ふじよしだし,35.487497,138.807854
192040,山梨県,都留市,ツルシ,つるし,35.55168,138.905473
192058,山梨県,山梨市,ヤマナシシ,やまなしし,35.693394,138.686914
192066,山梨県,大月市,オオツキシ,おおつきし,35.610485,138.940028
192074,山梨県,韮崎市,ニラサキシ,にらさきし,35.708897,138.446127
192082,山梨県,南アルプス市,ミナミアルプシ,みなみあるぷすし,35.608328,138.464966
192091,山梨県,北杜市,ホクトシ,ほとくし,35.77653,138.423781
192104,山梨県,甲斐市,カイシ,かいし,35.686259,138.487257
192112,山梨県,笛吹市,フエフキシ,ふえふきし,35.64736,138.639786
192121,山梨県,上野原市,ウエノハラシ,うえのはらし,35.630259,139.108599
192139,山梨県,甲州市,コウシュウシ,こうしゅうし,35.704316,138.729404
192147,山梨県,中央市,チュウオウシ,ちゅうおうし,35.599629,138.517272
193461,山梨県,西八代郡市川三郷町,イチカワミサトチョウ,いちかわみさとちょう,35.565303,138.502369
193640,山梨県,南巨摩郡早川町,ハヤカワチョウ,はやかわちょう,35.412917,138.362759
193658,山梨県,南巨摩郡身延町,ミノブチョウ,みのぶちょう,35.467494,138.44246
193666,山梨県,南巨摩郡南部町,ナンブチョウ,なんぶちょう,35.242352,138.486109
193682,山梨県,南巨摩郡富士川町,フジカワチョウ,ふじかわちょう,35.561156,138.461384
193844,山梨県,中巨摩郡昭和町,ショウワチョウ,しょうわちょう,35.627926,138.535142
194221,山梨県,南都留郡道志村,ドウシムラ,どうしむら,35.527956,139.033379
194239,山梨県,南都留郡西桂町,ニシカツラチョウ,にしかつらちょう,35.524069,138.846891
194247,山梨県,南都留郡忍野村,オシノムラ,おしのむら,35.460098,138.847861
194255,山梨県,南都留郡山中湖村,ヤマナカコムラ,やまなこむら,35.410645,138.860917
194298,山梨県,南都留郡鳴沢村,ナルサワムラ,なるさわむら,35.481392,138.706362
194301,山梨県,南都留郡富士河口湖町,フジカワグチコマチ,ふじかわぐちこまち,35.497314,138.755084
194425,山梨県,北都留郡小菅村,コスゲムラ,こすげむら,35.760124,138.940161
194433,山梨県,北都留郡丹波山村,タバヤマムラ,たばやまむら,35.789712,138.922231
202011,長野県,長野市,ナガノシ,ながのし,36.64855,138.194243
202029,長野県,松本市,マツモトシ,まつもとし,36.238038,137.972034
202037,長野県,上田市,ウエダシ,うえだし,36.401912,138.248889
202045,長野県,岡谷市,オカヤシ,おかやし,36.067012,138.049326
202053,長野県,飯田市,イイダシ,いいだし,35.514978,137.821447
202061,長野県,諏訪市,スワシ,すわし,36.039142,138.114182
202070,長野県,須坂市,スザカシ,すざかし,36.651097,138.307192
202088,長野県,小諸市,コモロシ,こもろし,36.327419,138.42588
202096,長野県,伊那市,イナシ,いなし,35.827481,137.95408
202100,長野県,駒ヶ根市,コマガネシ,こまがねし,35.728814,137.933782
202118,長野県,中野市,ナカノシ,なかのし,36.742044,138.36945
202126,長野県,大町市,オオマチシ,おおまちし,36.503018,137.851094
202134,長野県,飯山市,イイヤマシ,いいやまし,36.851745,138.365495
202142,長野県,茅野市,チノシ,ちのし,35.995571,138.158893
202151,長野県,塩尻市,シオジリシ,しおじりし,36.114972,137.953449
202177,長野県,佐久市,サクシ,さくし,36.248868,138.476831
202185,長野県,千曲市,チクマシ,ちくまし,36.533897,138.120108
202193,長野県,東御市,トウミシ,とうみし,36.359477,138.330247
202207,長野県,安曇野市,アヅミノシ,あづみのし,36.303951,137.905801
203033,長野県,南佐久郡小海町,コウミマチ,こうみまち,36.095097,138.483472
203041,長野県,南佐久郡川上村,カワカミムラ,かわかみむら,35.975487,138.578605
203050,長野県,南佐久郡南牧村,ミナミマキムラ,みなみまきむら,36.020856,138.492091
203068,長野県,南佐久郡南相木村,ミナミアイキムラ,みなみあいきむら,36.035985,138.54699
203076,長野県,南佐久郡北相木村,キタアイキムラ,きたあいきむら,36.059169,138.550883
203092,長野県,南佐久郡佐久穂町,サクホマチ,さくほまち,36.161106,138.483544
203211,長野県,北佐久郡軽井沢町,カルイザワマチ,かるいざわまち,36.34829,138.596955
203238,長野県,北佐久郡御代田町,ミヨタマチ,みよたまち,36.321183,138.508784
203246,長野県,北佐久郡立科町,タテシナマチ,たてしなまち,36.27207,138.315972
203491,長野県,小県郡青木村,アオキムラ,あおきむら,36.370346,138.12884
203505,長野県,小県郡長和町,ナガワマチ,ながわまち,36.255854,138.267866
203611,長野県,諏訪郡下諏訪町,シモスワマチ,しもすわまち,36.069559,138.08017
203629,長野県,諏訪郡富士見町,フジミマチ,ふじみまち,35.914621,138.240699
203637,長野県,諏訪郡原村,ハラムラ,はらむら,35.964456,138.21772
203823,長野県,上伊那郡辰野町,タツノマチ,たつのまち,35.982513,137.987484
203831,長野県,上伊那郡箕輪町,ミノワマチ,みのわまち,35.915134,137.981944
203840,長野県,上伊那郡飯島町,イイジママチ,いいじままち,35.676737,137.91968
203858,長野県,上伊那郡南箕輪村,ミナミミノワムラ,みなみみのわむら,35.8729,137.975024
203866,長野県,上伊那郡中川村,ナカガワムラ,なかがわむら,35.634537,137.946058
203882,長野県,上伊那郡宮田村,ミヤダムラ,みやだむら,35.768904,137.944307
204021,長野県,下伊那郡松川町,マツカワマチ,まつかわまち,35.597292,137.909567
204030,長野県,下伊那郡高森町,タカモリマチ,たかもりまち,35.551497,137.878437
204048,長野県,下伊那郡阿南町,アナンチョウ,あなんちょう,35.32364,137.816055
204072,長野県,下伊那郡阿智村,アチムラ,あちむら,35.443769,137.747505
204099,長野県,下伊那郡平谷村,ヒラヤムラ,ひらやむら,35.323236,137.63003
204102,長野県,下伊那郡根羽村,ネバムラ,ねばむら,35.253077,137.58126
204111,長野県,下伊那郡下條村,シモジョウムラ,しもじょうむら,35.397414,137.786051
204129,長野県,下伊那郡売木村,ウルギムラ,うるぎむら,35.271046,137.711313
204137,長野県,下伊那郡天龍村,テンリュウムラ,てんりゅうむら,35.276227,137.85414
204145,長野県,下伊那郡泰阜村,ヤスオカムラ,やすおかむら,35.377523,137.846015
204153,長野県,下伊那郡喬木村,タカギムラ,たかぎむら,35.513682,137.8737
204161,長野県,下伊那郡豊丘村,トヨオカムラ,とよおかむら,35.551439,137.895975
204170,長野県,下伊那郡大鹿村,オオシカムラ,おおしかむら,35.578222,138.034017
204226,長野県,木曽郡上松町,アゲマツマチ,あげまつまち,35.784076,137.694069
204234,長野県,木曽郡南木曽町,ナギソマチ,なぎそまち,35.603756,137.609016
204251,長野県,木曽郡木祖村,キソムラ,きそむら,35.936437,137.783301
204293,長野県,木曽郡王滝村,オウタキムラ,おうたきむら,35.809395,137.550969
204307,長野県,木曽郡大桑村,オオクワムラ,おおくわむら,35.682911,137.664918
204323,長野県,木曽郡木曽町,キソマチ,きそまち,35.842431,137.691508
204463,長野県,東筑摩郡麻績村,オミムラ,おみむら,36.456089,138.045289
204480,長野県,東筑摩郡生坂村,イクサカムラ,いくさかむら,36.425248,137.927383
204501,長野県,東筑摩郡山形村,ヤマガタムラ,やまがたむら,36.168028,137.879155
204510,長野県,東筑摩郡朝日村,アサヒムラ,あさひむら,36.12355,137.866133
204528,長野県,東筑摩郡筑北村,チクホクムラ,ちくほくむら,36.402553,138.011938
204811,長野県,北安曇郡池田町,イケダマチ,いけだまち,36.421366,137.874502
204820,長野県,北安曇郡松川村,マツカワムラ,まつかわむら,36.424076,137.854498
204854,長野県,北安曇郡白馬村,ハクバムラ,はくばむら,36.69818,137.86185
204862,長野県,北安曇郡小谷村,オタリムラ,おたりむら,36.779067,137.908405
205214,長野県,埴科郡坂城町,サカキマチ,さかきまち,36.46182,138.180106
205419,長野県,上高井郡小布施町,オブセマチ,おぶせまち,36.697492,138.312037
205435,長野県,上高井郡高山村,タカヤマムラ,たかやまむら,36.679768,138.363255
205613,長野県,下高井郡山ノ内町,ヤマノウチマチ,やまのうちまち,36.744634,138.412596
205621,長野県,下高井郡木島平村,キジマダイラムラ,きじまだいらむら,36.858406,138.406829
205630,長野県,下高井郡野沢温泉村,ノザワオンセンムラ,のざわおんせんむら,36.922902,138.440641
205834,長野県,上水内郡信濃町,シナノマチ,しなのまち,36.806404,138.207113
205885,長野県,上水内郡小川村,オガワムラ,おがわむら,36.617271,137.974724
205907,長野県,上水内郡飯綱町,イイヅナマチ,いいづなまち,36.763185,138.254809
206024,長野県,下水内郡栄村,サカエムラ,さかえむら,36.987514,138.577069
212016,岐阜県,岐阜市,ギフシ,ぎふし,35.423298,136.760654
212024,岐阜県,大垣市,オオガキシ,おおがきし,35.359384,136.61275
212032,岐阜県,高山市,タカヤマシ,たかやまし,36.146124,137.252173
212041,岐阜県,多治見市,タジミシ,たじみし,35.3328,137.132077
212059,岐阜県,関市,セキシ,せきし,35.495738,136.917842
212067,岐阜県,中津川市,ナカツガワシ,なかつがわし,35.487548,137.500509
212075,岐阜県,美濃市,ミノシ,みのし,35.54477,136.90754
212083,岐阜県,瑞浪市,ミズナミシ,みずなみし,35.361712,137.254587
212091,岐阜県,羽島市,ハシマシ,はしまし,35.31991,136.703349
212105,岐阜県,恵那市,エナシ,えなし,35.449314,137.412808
212113,岐阜県,美濃加茂市,ミノカモシ,みのかもし,35.440242,137.015664
212121,岐阜県,土岐市,トキシ,ときし,35.3525,137.183202
212130,岐阜県,各務原市,カカミガハラシ,かかみがはらし,35.398869,136.848264
212148,岐阜県,可児市,カニシ,かにし,35.426121,137.061011
212156,岐阜県,山県市,ヤマガタシ,やまがたし,35.506109,136.781372
212164,岐阜県,瑞穂市,ミズホシ,みずほし,35.404094,136.649774
212172,岐阜県,飛騨市,ヒダシ,ひだし,36.238124,137.186317
212181,岐阜県,本巣市,モトスシ,もとすし,35.483047,136.678766
212199,岐阜県,郡上市,グジョウシ,ぐじょうし,35.748577,136.964354
212202,岐阜県,下呂市,ゲロシ,げろし,35.805882,137.2441
212211,岐阜県,海津市,カイヅシ,かいづし,35.220492,136.636662
213021,岐阜県,羽島郡岐南町,ギナンチョウ,ぎなんちょう,35.389722,136.783317
213039,岐阜県,羽島郡笠松町,カサマツチョウ,かさまつちょう,35.3672,136.763167
213411,岐阜県,養老郡養老町,ヨウロウチョウ,ようろうちょう,35.308333,136.561555
213616,岐阜県,不破郡垂井町,タルイチョウ,たるいちょう,35.370254,136.527102
213624,岐阜県,不破郡関ケ原町,セキガハラチョウ,せきがはらちょう,35.365517,136.466982
213811,岐阜県,安八郡神戸町,ゴウドチョウ,ごうどちょう,35.417368,136.608459
213829,岐阜県,安八郡輪之内町,ワノウチチョウ,わのうちちょう,35.285108,136.637435
213837,岐阜県,安八郡安八町,アンパチチョウ,あんぱちちょう,35.335391,136.665409
214019,岐阜県,揖斐郡揖斐川町,イビガワチョウ,いびがわちょう,35.487309,136.568653
214035,岐阜県,揖斐郡大野町,オオノチョウ,おおのちょう,35.470614,136.627552
214043,岐阜県,揖斐郡池田町,イケダチョウ,いけだちょう,35.442259,136.572926
214213,岐阜県,本巣郡北方町,キタガタチョウ,きたがたちょう,35.436948,136.685967
215015,岐阜県,加茂郡坂祝町,サカホギチョウ,さかほぎちょう,35.426662,136.985459
215023,岐阜県,加茂郡富加町,トミカチョウ,とみかちょう,35.484883,136.979824
215031,岐阜県,加茂郡川辺町,カワベチョウ,かわべちょう,35.486579,137.070608
215040,岐阜県,加茂郡七宗町,ヒチソウチョウ,ひちそうちょう,35.543724,137.119833
215058,岐阜県,加茂郡八百津町,ヤオツチョウ,やおつちょう,35.475952,137.141502
215066,岐阜県,加茂郡白川町,シラカワチョウ,しらかわちょう,35.581859,137.187824
215074,岐阜県,加茂郡東白川村,ヒガシシラカワムラ,ひがししらかわむら,35.642561,137.323751
215210,岐阜県,可児郡御嵩町,ミタケチョウ,みたけちょう,35.434245,137.13079
216046,岐阜県,大野郡白川村,シラカワムラ,しらかわむら,36.270806,136.898478
221015,静岡県,静岡市葵区,シズオカシアオイク,しずおかしあおいく,34.97514,138.383243
221023,静岡県,静岡市駿河区,シズオカシスルガク,しずおかしするがく,34.960745,138.404039
221031,静岡県,静岡市清水区,シズオカシシミズク,しずおかししみずく,35.015888,138.489528
221317,静岡県,浜松市中区,ハママツシナカク,はままつしなかく,34.710896,137.72594
221325,静岡県,浜松市東区,ハママツシヒガシク,はままつしひがしく,34.741325,137.791772
221333,静岡県,浜松市西区,ハママツシニシク,はままつしにしく,34.69271,137.645317
221341,静岡県,浜松市南区,ハママツシミナミク,はままつしみなみく,34.667333,137.7523
221350,静岡県,浜松市北区,ハママツシキタク,はままつしきたく,34.806193,137.651023
221368,静岡県,浜松市浜北区,ハママツシハマキタク,はままつしはまきたく,34.793372,137.789925
221376,静岡県,浜松市天竜区,ハママツシテンリュウク,はままつしてんりゅうく,34.872649,137.816265
222038,静岡県,沼津市,ヌマヅ,ぬまづ,35.095584,138.863493
222054,静岡県,熱海市,アタミシ,あたみし,35.096276,139.071705
222062,静岡県,三島市,ミシマシ,みしまし,35.118402,138.918513
222071,静岡県,富士宮市,フジノミヤシ,ふじのみやし,35.222054,138.621643
222089,静岡県,伊東市,イトウシ,いとうし,34.965671,139.101936
222097,静岡県,島田市,シマダシ,しまだし,34.836364,138.175997
222101,静岡県,富士市,フジシ,ふじし,35.161399,138.676273
222119,静岡県,磐田市,イワタシ,いわたし,34.717904,137.851513
222127,静岡県,焼津市,ヤイヅシ,やいづし,34.86692,138.323189
222135,静岡県,掛川市,カケガワシ,かけがわし,34.768767,137.998168
222143,静岡県,藤枝市,フジエダシ,ふじえだし,34.867367,138.257458
222151,静岡県,御殿場市,ゴテンバシ,ごてんばし,35.308584,138.934506
222160,静岡県,袋井市,フクロイシ,ふくろいし,34.750174,137.924679
222194,静岡県,下田市,シモダシ,しもだし,34.679533,138.945316
222208,静岡県,裾野市,スソノシ,すそのし,35.173883,138.906729
222216,静岡県,湖西市,コサイシ,こさいし,34.718466,137.531626
222224,静岡県,伊豆市,イズシ,いずし,34.976586,138.946704
222232,静岡県,御前崎市,オマエザキシ,おまえざきし,34.637987,138.128127
222241,静岡県,菊川市,キクガワシ,きくがわし,34.757746,138.084582
222259,静岡県,伊豆の国市,イズノクニシ,いずのくにし,35.027735,138.928921
222267,静岡県,牧之原市,マキノハラシ,まきのはらし,34.740043,138.224652
223018,静岡県,賀茂郡東伊豆町,ヒガシイズチョウ,ひがしいずちょう,34.772835,139.041311
223026,静岡県,賀茂郡河津町,カワヅチョウ,かわづちょう,34.757033,138.987538
223042,静岡県,賀茂郡南伊豆町,ミナミイズチョウ,みなみいずちょう,34.651092,138.858527
223051,静岡県,賀茂郡松崎町,マツザキチョウ,まつざきちょう,34.752769,138.778726
223069,静岡県,賀茂郡西伊豆町,ニシイズチョウ,にしいずちょう,34.771676,138.775356
223255,静岡県,田方郡函南町,カンナミチョウ,かんなみちょう,35.088973,138.953366
223417,静岡県,駿東郡清水町,シミズチョウ,しみずちょう,35.099015,138.902717
223425,静岡県,駿東郡長泉町,ナガイズミチョウ,ながいずみちょう,35.13767,138.897178
223441,静岡県,駿東郡小山町,オヤマチョウ,おやまちょう,35.360107,138.987298
224243,静岡県,榛原郡吉田町,ヨシダチョウ,よしだちょう,34.77087,138.251993
224294,静岡県,榛原郡川根本町,カワネホンチョウ,かわねほんちょう,35.046833,138.081695
224618,静岡県,周智郡森町,モリマチ,もりまち,34.835627,137.927019
231011,愛知県,名古屋市千種区,ナゴヤシチクサク,なごやしちくさく,35.166486,136.946434
231029,愛知県,名古屋市東区,ナゴヤシヒガシク,なごやしひがしく,35.179325,136.925993
231037,愛知県,名古屋市北区,ナゴヤシキタク,なごやしきたく,35.194206,136.911519
231045,愛知県,名古屋市西区,ナゴヤシニシク,なごやしにしく,35.189117,136.890033
231053,愛知県,名古屋市中村区,ナゴヤシナカムラク,なごやしなかむらく,35.168747,136.873015
231061,愛知県,名古屋市中区,ナゴヤシナカク,なごやしなかく,35.168707,136.910251
231070,愛知県,名古屋市昭和区,ナゴヤシショウワク,なごやししょうわく,35.150199,136.934124
231088,愛知県,名古屋市瑞穂区,ナゴヤシミズホク,なごやしみずほく,35.131441,136.934961
231096,愛知県,名古屋市熱田区,ナゴヤシアツタク,なごやしあつたく,35.128545,136.91028
231100,愛知県,名古屋市中川区,ナゴヤシナカガワク,なごやしなかがわく,35.141539,136.854793
231118,愛知県,名古屋市港区,ナゴヤシミナトク,なごやしみなとく,35.107772,136.885567
231126,愛知県,名古屋市南区,ナゴヤシミナミク,なごやしみなみく,35.095169,136.931242
231134,愛知県,名古屋市守山区,ナゴヤシモリヤマク,なごやしもりやまく,35.203335,136.976314
231142,愛知県,名古屋市緑区,ナゴヤシミドリク,なごやしみどりく,35.070805,136.952238
231151,愛知県,名古屋市名東区,ナゴヤシメイトウク,なごやしめいとうく,35.175848,137.010183
231169,愛知県,名古屋市天白区,ナゴヤシテンパクク,なごやしてんぱくく,35.122671,136.974982
232017,愛知県,豊橋市,トヨハシシ,とよはしし,34.7692,137.391466
232025,愛知県,岡崎市,オカザキシ,おかざきし,34.954379,137.174329
232033,愛知県,一宮市,イチノミヤシ,いちのみやし,35.30389,136.802933
232041,愛知県,瀬戸市,セトシ,せとし,35.223614,137.084171
232050,愛知県,半田市,ハンダシ,はんだし,34.891718,136.937961
232068,愛知県,春日井市,カスガイシ,かすがいし,35.247611,136.972224
232076,愛知県,豊川市,トヨカワシ,とよかわし,34.826851,137.375542
232084,愛知県,津島市,ツシマシ,つしまし,35.177029,136.741214
232092,愛知県,碧南市,ヘキナンシ,へきなんし,34.884804,136.993375
232106,愛知県,刈谷市,ヤリヤシ,かりやし,34.989225,137.002107
232114,愛知県,豊田市,トヨタシ,とよたし,35.082395,137.156249
232122,愛知県,安城市,アンジョウシ,あんじょうし,34.958641,137.080297
232131,愛知県,西尾市,ニシオシ,にしおし,34.861937,137.06185
232149,愛知県,蒲郡市,ガマゴオリシ,がまごおりし,34.8265,137.219516
232157,愛知県,犬山市,イヌヤマシ,いぬやまし,35.378607,136.944564
232165,愛知県,常滑市,トコナメシ,とこなめし,34.8867,136.832397
232173,愛知県,江南市,コウナンシ,こうなんし,35.332011,136.870617
232190,愛知県,小牧市,コマキシ,こまきし,35.29031,136.910952
232203,愛知県,稲沢市,イナザワシ,いなざわし,35.248132,136.780202
232211,愛知県,新城市,シンシロシ,しんしろし,34.899229,137.498476
232220,愛知県,東海市,トウカイシ,とうかいし,35.022843,136.90253
232238,愛知県,大府市,オオブシ,おおぶし,35.011657,136.963835
232246,愛知県,知多市,チタシ,ちたし,34.996533,136.864755
232254,愛知県,知立市,チリュウシ,ちりゅうし,35.001272,137.050749
232262,愛知県,尾張旭市,オワリアサヒシ,おわりあさひし,35.216513,137.035396
232271,愛知県,高浜市,タカハマシ,たかはまし,34.927643,136.987677
232289,愛知県,岩倉市,イワクラシ,いわくらし,35.279503,136.871431
232297,愛知県,豊明市,トヨアケシ,とよあけし,35.053688,137.012997
232301,愛知県,日進市,ニッシンシ,にっしんし,35.132015,137.039412
232319,愛知県,田原市,タハラシ,たはらし,34.668806,137.264203
232327,愛知県,愛西市,アイサイシ,あいさいし,35.153141,136.7281
232335,愛知県,清須市,キヨスシ,きよすし,35.203381,136.865521
232343,愛知県,北名古屋市,キタナゴヤシ,きたなごやし,35.245668,136.866008
232351,愛知県,弥富市,ヤトミシ,やとみし,35.110018,136.724739
232360,愛知県,みよし市,ミヨシシ,みよしし,35.08941,137.074854
232378,愛知県,あま市,アマシ,あまし,35.170304,136.80083
232386,愛知県,長久手市,ナガクテシ,ながくてし,35.184126,137.048762
233021,愛知県,愛知郡東郷町,トウゴウチョウ,とうごうちょう,35.096748,137.052553
233421,愛知県,西春日井郡豊山町,トヨヤマチョウ,とよやまちょう,35.250474,136.912006
233617,愛知県,丹羽郡大口町,オオグチチョウ,おおぐちちょう,35.332436,136.90767
233625,愛知県,丹羽郡扶桑町,フソウチョウ,ふそうちょう,35.35914,136.913079
234249,愛知県,海部郡大治町,オオハルチョウ,おおはるちょう,35.175078,136.820095
234257,愛知県,海部郡蟹江町,カニエチョウ,かにえちょう,35.132331,136.786746
234273,愛知県,海部郡飛島村,トビシマムラ,とびしまむら,35.078848,136.791078
234419,愛知県,知多郡阿久比町,アグイチョウ,あぐいちょう,34.932611,136.915554
234427,愛知県,知多郡東浦町,ヒガシウラチョウ,ひがしうらちょう,34.977094,136.965622
234451,愛知県,知多郡南知多町,ミナミチタチョウ,みなみちたちょう,34.715167,136.92997
234460,愛知県,知多郡美浜町,ミハマチョウ,みはまちょう,34.778815,136.908237
234478,愛知県,知多郡武豊町,タケトヨチョウ,たけとよちょう,34.851134,136.914803
235016,愛知県,額田郡幸田町,コウタチョウ,こうたちょう,34.864442,137.165617
235610,愛知県,北設楽郡設楽町,シタラチョウ,したらちょう,35.097219,137.571445
235628,愛知県,北設楽郡東栄町,トウエイチョウ,とうえいちょう,35.076939,137.697837
235636,愛知県,北設楽郡豊根村,トヨネムラ,とよねむら,35.146738,137.7197
242012,三重県,津市,ツシ,つし,34.718596,136.505698
242021,三重県,四日市市,ヨッカイチシ,よっかいちし,34.965157,136.624485
242039,三重県,伊勢市,イセシ,いせし,34.487514,136.709336
242047,三重県,松阪市,マツサカシ,まつさかし,34.577993,136.527593
242055,三重県,桑名市,クワナシ,くわなし,35.062216,136.683803
242071,三重県,鈴鹿市,スズカシ,すずかし,34.88188,136.584209
242080,三重県,名張市,ナバリシ,なばりし,34.627659,136.108296
242098,三重県,尾鷲市,オワセシ,おわせし,34.070799,136.190995
242101,三重県,亀山市,カメヤマシ,かめやまし,34.855755,136.451645
242110,三重県,鳥羽市,トバシ,とばし,34.481435,136.843362
242128,三重県,熊野市,クマノシ,くまのし,33.888604,136.100237
242144,三重県,いなべ市,イナベシ,いなべし,35.115701,136.561471
242152,三重県,志摩市,シマシ,しまし,34.32816,136.829691
242161,三重県,伊賀市,イガシ,いがし,34.768595,136.12991
243035,三重県,桑名郡木曽岬町,キソサキチョウ,きそさきちょう,35.07598,136.731328
243248,三重県,員弁郡東員町,トウインチョウ,とういんちょう,35.074257,136.583578
243418,三重県,三重郡菰野町,コモノチョウ,こものちょう,35.020068,136.507344
243434,三重県,三重郡朝日町,アサヒチョウ,あさひちょう,35.03421,136.664352
243442,三重県,三重郡川越町,カワゴエチョウ,かわごえちょう,35.023009,136.673865
244414,三重県,多気郡多気町,タキチョウ,たきちょう,34.496153,136.546146
244422,三重県,多気郡明和町,メイワチョウ,めいわちょう,34.54756,136.623176
244431,三重県,多気郡大台町,オオダイチョウ,おおだいちょう,34.393387,136.407875
244619,三重県,度会郡玉城町,タマキチョウ,たまきちょう,34.490278,136.630929
244708,三重県,度会郡度会町,ワタライチョウ,わたらいちょう,34.438923,136.622466
244716,三重県,度会郡大紀町,タイキチョウ,たいきちょう,34.358045,136.415792
244724,三重県,度会郡南伊勢町,ミナミイセチョウ,みなみいせちょう,34.352095,136.703689
245437,三重県,北牟婁郡紀北町,キホクチョウ,きほくちょう,34.211533,136.337313
245615,三重県,南牟婁郡御浜町,ミハマチョウ,みはまちょう,33.814478,136.048724
245623,三重県,南牟婁郡紀宝町,キホウチョウ,きほうちょう,33.733773,136.00967
252018,滋賀県,大津市,オオツシ,おおつし,35.017893,135.854607
252026,滋賀県,彦根市,ヒコネシ,ひこねし,35.274461,136.259623
252034,滋賀県,長浜市,ナガハマシ,ながはまし,35.380815,136.278722
252042,滋賀県,近江八幡市,オウミハチマンシ,おうみはちまんし,35.128339,136.097907
252069,滋賀県,草津市,クサツシ,くさつし,35.013134,135.959936
252077,滋賀県,守山市,モリヤマシ,もりやまし,35.05894,135.994404
252085,滋賀県,栗東市,リットウシ,りっとうし,35.021617,135.997996
252093,滋賀県,甲賀市,コウカシ,こうかし,34.966139,136.167092
252107,滋賀県,野洲市,ヤスシ,やすし,35.067454,136.02585
252115,滋賀県,湖南市,コナンシ,こなんし,35.00415,136.084679
252123,滋賀県,高島市,タカシマシ,たかしまし,35.353071,136.03583
252131,滋賀県,東近江市,ヒガシオウミシ,ひがしおうみし,35.112456,136.207765
252140,滋賀県,米原市,マイバラシ,まいばらし,35.361585,136.370192
253839,滋賀県,蒲生郡日野町,ヒノチョウ,ひのちょう,35.018003,136.246043
253847,滋賀県,蒲生郡竜王町,リユウオウチョウ,りゆうおうちょう,35.060803,136.124535
254258,滋賀県,愛知郡愛荘町,アイショウチョウ,あいしょうちょう,35.16894,136.212367
254410,滋賀県,犬上郡豊郷町,トヨサトチョウ,とよさとちょう,35.200343,136.229893
254428,滋賀県,犬上郡甲良町,コウラチョウ,こうらちょう,35.204119,136.261205
254436,滋賀県,犬上郡多賀町,タガチョウ,たがちょう,35.221996,136.292049
261017,京都府,京都市北区,キョウトシキタク,きょうとしきたく,35.041053,135.753983
261025,京都府,京都市上京区,キョウトシカミギョウク,きょうとしかみぎょうく,35.029618,135.756627
261033,京都府,京都市左京区,キョウトシサキョウク,きょうとしさきょうく,35.048569,135.778548
261041,京都府,京都市中京区,キョウトシナカギョウク,きょうとしなかぎょうく,35.010425,135.751411
261050,京都府,京都市東山区,キョウトシヒガシヤマク,きょうとしひがしやまく,34.997057,135.776162
261068,京都府,京都市下京区,キョウトシシモギョウク,きょうとししもぎょうく,34.987655,135.755533
261076,京都府,京都市南区,キョウトシミナミク,きょうとしみなみく,34.976661,135.746495
261084,京都府,京都市右京区,キョウトシウキョウク,きょうとしうきょうく,35.010133,135.716078
261092,京都府,京都市伏見区,キョウトシフシミク,きょうとしふしみく,34.93603,135.76141
261106,京都府,京都市山科区,キョウトシヤマシナク,きょうとしやましなく,34.972336,135.813697
261114,京都府,京都市西京区,キョウトシニシキョウク,きょうとしにしきょうく,34.985104,135.69342
262013,京都府,福知山市,フクチヤマシ,ふくちやまし,35.2967,135.126563
262021,京都府,舞鶴市,マイヅルシ,まいづるし,35.474797,135.385992
262030,京都府,綾部市,アヤベシ,あやべし,35.298916,135.258812
262048,京都府,宇治市,ウジシ,うじし,34.884461,135.799854
262056,京都府,宮津市,ミヤヅシ,みやづし,35.535577,135.195567
262064,京都府,亀岡市,カメオカシ,かめおかし,35.013408,135.573609
262072,京都府,城陽市,ジョウヨウシ,じょうようし,34.853008,135.779974
262081,京都府,向日市,ムコウシ,むこうし,34.948736,135.698288
262099,京都府,長岡京市,ナガオカキョウシ,ながおかきょうし,34.926771,135.695785
262102,京都府,八幡市,ヤワタシ,やわたし,34.875555,135.707621
262111,京都府,京田辺市,キョウタナベシ,きょうたなべし,34.814459,135.767695
262129,京都府,京丹後市,キョウタンゴシ,きょうたんごし,35.624166,135.061
262137,京都府,南丹市,ナンタンシ,なんたんし,35.107374,135.47026
262145,京都府,木津川市,キヅガワシ,きづがわし,34.737162,135.820117
263036,京都府,乙訓郡大山崎町,オオヤマザキチョウ,おおやまざきちょう,34.902806,135.688476
263222,京都府,久世郡久御山町,クミヤマチョウ,くみやまちょう,34.8815,135.732607
263435,京都府,綴喜郡井手町,イデチョウ,いでちょう,34.798408,135.803306
263443,京都府,綴喜郡宇治田原町,ウジタワラチョウ,うじたわらちょう,34.85267,135.856855
263648,京都府,相楽郡笠置町,カサギチョウ,かさぎちょう,34.76045,135.939366
263656,京都府,相楽郡和束町,ワヅカチョウ,わづかちょう,34.79571,135.90488
263664,京都府,相楽郡精華町,セイカチョウ,せいかちょう,34.760856,135.785833
263672,京都府,相楽郡南山城村,ミナミヤマシロムラ,みなみやましろむら,34.772789,135.993537
264075,京都府,船井郡京丹波町,キョウタンバチョウ,きょうたんばちょう,35.164362,135.423055
264636,京都府,与謝郡伊根町,イネチョウ,いねちょう,35.675146,135.272639
264652,京都府,与謝郡与謝野町,ヨサノチョウ,よさのちょう,35.565309,135.152841
271021,大阪府,大阪市都島区,オオサカシミヤコジマク,おおさかしみやこじまく,34.701279,135.52809
271039,大阪府,大阪市福島区,オオサカシフクシマク,おおさかしふくしまく,34.692337,135.472229
271047,大阪府,大阪市此花区,オオサカシコノハナク,おおさかしこのはなく,34.683049,135.452328
271063,大阪府,大阪市西区,オオサカシニシク,おおさかしにしく,34.676231,135.486059
271071,大阪府,大阪市港区,オオサカシミナトク,おおさかしみなとく,34.663918,135.460681
271080,大阪府,大阪市大正区,オオサカシタイショウク,おおさかしたいしょうく,34.650403,135.4727
271098,大阪府,大阪市天王寺区,オオサカシテンノウジク,おおさかしてんのうじく,34.657917,135.519362
271110,大阪府,大阪市浪速区,オオサカシナニワク,おおさかしなにわく,34.659444,135.49963
271136,大阪府,大阪市西淀川区,オオサカシニシヨドガワク,おおさかしにしよどがわく,34.711348,135.456202
271144,大阪府,大阪市東淀川区,オオサカシヒガシヨドガワク,おおさかしひがしよどがわく,34.741214,135.529423
271152,大阪府,大阪市東成区,オオサカシヒガシナリク,おおさかしひがしなりく,34.670002,135.541268
271161,大阪府,大阪市生野区,オオサカシイクノク,おおさかしいくのく,34.653751,135.534413
271179,大阪府,大阪市旭区,オオサカシアサヒク,おおさかしあさひく,34.721177,135.54422
271187,大阪府,大阪市城東区,オオサカシジョウトウク,おおさかしじょうとうく,34.70189,135.545973
271195,大阪府,大阪市阿倍野区,オオサカシアベノク,おおさかしあべのく,34.638969,135.518496
271209,大阪府,大阪市住吉区,オオサカシスミヨシク,おおさかしすみよしく,34.603673,135.500632
271217,大阪府,大阪市東住吉区,オオサカシヒガシスミヨシク,おおさかしひがしすみよしく,34.622163,135.526601
271225,大阪府,大阪市西成区,オオサカシニシナリク,おおさかしにしなりく,34.634872,135.494373
271233,大阪府,大阪市淀川区,オオサカシヨドガワク,おおさかしよどがわく,34.721026,135.486711
271241,大阪府,大阪市鶴見区,オオサカシツルミク,おおさかしつるみく,34.704329,135.574198
271250,大阪府,大阪市住之江区,オオサカシスミノエク,おおさかしすみのえく,34.609675,135.482742
271268,大阪府,大阪市平野区,オオサカシヒラノク,おおさかしひらのく,34.621199,135.546072
271276,大阪府,大阪市北区,オオサカシキタク,おおさかしきたく,34.705362,135.510025
271284,大阪府,大阪市中央区,オオサカシチュウオウク,おおさかしちゅうおうく,34.681261,135.509801
271411,大阪府,堺市堺区,サカイシサカイク,さかいしさかいく,34.573254,135.483101
271420,大阪府,堺市中区,サカイシナカク,さかいしなかく,34.528342,135.498636
271438,大阪府,堺市東区,サカイシヒガシク,さかいしひがしく,34.538192,135.536591
271446,大阪府,堺市西区,サカイシニシク,さかいしにしく,34.534999,135.463972
271454,大阪府,堺市南区,サカイシミナミク,さかいしみなみく,34.486527,135.490568
271462,大阪府,堺市北区,サカイシキタク,さかいしきたく,34.56535,135.517178
271471,大阪府,堺市美原区,サカイシミハラク,さかいしみはらく,34.538545,135.559833
272027,大阪府,岸和田市,キシワダシ,きしわだし,34.460634,135.370829
272035,大阪府,豊中市,トヨナカシ,とよなかし,34.781266,135.469739
272043,大阪府,池田市,イケダシ,いけだし,34.821705,135.428444
272051,大阪府,吹田市,スイタシ,すいたし,34.759453,135.51686
272060,大阪府,泉大津市,イズミオオツシ,いずみおおつし,34.504279,135.410464
272078,大阪府,高槻市,タカツキシ,たかつきし,34.846159,135.617272
272086,大阪府,貝塚市,カイヅカシ,かいづかし,34.437584,135.358517
272094,大阪府,守口市,モリグチシ,もりぐちし,34.737695,135.563904
272108,大阪府,枚方市,ヒラカタシ,ひらかたし,34.81434,135.650658
272116,大阪府,茨木市,イバラキシ,いばらきし,34.816338,135.568505
272124,大阪府,八尾市,ヤオシ,やおし,34.626864,135.600978
272132,大阪府,泉佐野市,イズミサノシ,いずみさのし,34.406848,135.327337
272141,大阪府,富田林市,トンダバヤシシ,とんだばやしし,34.499527,135.597128
272159,大阪府,寝屋川市,ネヤガワシ,ねやがわし,34.766093,135.6281
272167,大阪府,河内長野市,カワチナガノシ,かわちながのし,34.458084,135.564226
272175,大阪府,松原市,マツバラシ,まつばらし,34.577879,135.55185
272183,大阪府,大東市,ダイトウシ,だいとうし,34.712015,135.623659
272191,大阪府,和泉市,イズミシ,いずみし,34.483527,135.423557
272205,大阪府,箕面市,ミノオシ,みのおし,34.82693,135.470463
272213,大阪府,柏原市,カシワラシ,かしわらし,34.579305,135.628642
272221,大阪府,羽曳野市,ハビキノシ,はびきのし,34.558035,135.606212
272230,大阪府,門真市,カドマシ,かどまし,34.739542,135.58689
272248,大阪府,摂津市,セッツシ,せっつし,34.777356,135.561817
272256,大阪府,高石市,タカイシシ,たかいしし,34.520717,135.442452
272264,大阪府,藤井寺市,フジイデラシ,ふじいでらし,34.574277,135.597474
272272,大阪府,東大阪市,ヒガシオオサカシ,ひがしおおさかし,34.67933,135.601012
272281,大阪府,泉南市,センナンシ,せんなんし,34.366005,135.273339
272299,大阪府,四條畷市,シジョウナワテシ,しじょうなわてし,34.739941,135.639533
272302,大阪府,交野市,カタノシ,かたのし,34.787944,135.679953
272311,大阪府,大阪狭山市,オオサカサヤマシ,おおさかさやまし,34.503795,135.555693
272329,大阪府,阪南市,ハンナンシ,はんなんし,34.359583,135.23967
273015,大阪府,三島郡島本町,シマモトチョウ,しまもとちょう,34.883925,135.66297
273210,大阪府,豊能郡豊能町,トヨノチョウ,とよのちょう,34.918948,135.494174
273228,大阪府,豊能郡能勢町,ノセチョウ,のせちょう,34.972551,135.414274
273414,大阪府,泉北郡忠岡町,タダオカチョウ,ただおかちょう,34.487093,135.401323
273619,大阪府,泉南郡熊取町,クマトリチョウ,くまとりちょう,34.401283,135.355785
273627,大阪府,泉南郡田尻町,タジリチョウ,たじりちょう,34.393774,135.291174
273660,大阪府,泉南郡岬町,ミサキチョウ,みさきちょう,34.316978,135.142139
273813,大阪府,南河内郡太子町,タイシチョウ,たいしちょう,34.518682,135.647661
273821,大阪府,南河内郡河南町,カナンチョウ,かなんちょう,34.491637,135.629699
273830,大阪府,南河内郡千早赤阪村,チハヤアカサカムラ,ちはやあかさかむら,34.464587,135.622537
281018,兵庫県,神戸市東灘区,コウベシヒガシナダク,こうべしひがしなだく,34.720228,135.265455
281026,兵庫県,神戸市灘区,コウベシナダク,こうべしなだく,34.712329,135.239657
281051,兵庫県,神戸市兵庫区,コウベシギョウゴク,こうべしひょうごく,34.680578,135.165291
281069,兵庫県,神戸市長田区,コウベシナガタク,こうべしながたく,34.665638,135.151026
281077,兵庫県,神戸市須磨区,コウベシスマク,こうべしすまく,34.658633,135.1337
281085,兵庫県,神戸市垂水区,コウベシタルミク,こうべしたるみく,34.630252,135.056766
281093,兵庫県,神戸市北区,コウベシキタク,こうべしきたく,34.727317,135.14444
281107,兵庫県,神戸市中央区,コウベシチュウオウク,こうべしちゅうおうく,34.695124,135.197852
281115,兵庫県,神戸市西区,コウベシニシク,こうべしにしく,34.683239,134.981602
282014,兵庫県,姫路市,ヒメジシ,ひめじし,34.815149,134.685353
282022,兵庫県,尼崎市,アマガサキシ,あまがさきし,34.733734,135.406376
282031,兵庫県,明石市,アカシシ,あかしし,34.643107,134.997179
282049,兵庫県,西宮市,ニシノミヤシ,にしのみやし,34.737597,135.341564
282057,兵庫県,洲本市,スモトシ,すもとし,34.342426,134.89562
282065,兵庫県,芦屋市,アシヤシ,あしやし,34.72695,135.304162
282073,兵庫県,伊丹市,イタミシ,いたみし,34.784306,135.400947
282081,兵庫県,相生市,アイオイシ,あいおいし,34.803601,134.468066
282090,兵庫県,豊岡市,トヨオカシ,とよおかし,35.544575,134.820181
282103,兵庫県,加古川市,カコガワシ,かこがわし,34.75695,134.841177
282120,兵庫県,赤穂市,アコウシ,あこうし,34.754956,134.390284
282138,兵庫県,西脇市,ニシワキシ,にしわきし,34.993355,134.969189
282146,兵庫県,宝塚市,タカラヅカシ,たからづかし,34.799767,135.360073
282154,兵庫県,三木市,ミキシ,みきし,34.796944,134.990197
282162,兵庫県,高砂市,タカサゴシ,たかさごし,34.766201,134.790442
282171,兵庫県,川西市,カワニシシ,かわにしし,34.830135,135.417278
282189,兵庫県,小野市,オノシ,おのし,34.853193,134.931376
282197,兵庫県,三田市,サンダシ,さんだし,34.889996,135.225453
282201,兵庫県,加西市,カサイシ,かさいし,34.927936,134.841622
282219,兵庫県,丹波篠山市,タンバササヤマシ,たんばささやまし,35.075661,135.219051
282227,兵庫県,養父市,ヤブシ,やぶし,35.404657,134.767671
282235,兵庫県,丹波市,タンバシ,たんばし,35.1771,135.035854
282243,兵庫県,南あわじ市,ミナミアワジシ,みなみあわじし,34.29448,134.779855
282251,兵庫県,朝来市,アサゴシ,あさごし,35.339665,134.85315
282260,兵庫県,淡路市,アワジシ,あわじし,34.439699,134.915016
282278,兵庫県,宍粟市,シソウシ,しそうし,35.004417,134.549466
282286,兵庫県,加東市,カトウシ,かとうし,34.918573,134.973381
282294,兵庫県,たつの市,タツノシ,たつのし,34.857863,134.54536
283011,兵庫県,川辺郡猪名川町,イナガワチョウ,いながわちょう,34.895037,135.376162
283657,兵庫県,多可郡多可町,タカチョウ,たかちょう,35.050335,134.923275
283819,兵庫県,加古郡稲美町,イナミチョウ,いなみちょう,34.748807,134.913551
283827,兵庫県,加古郡播磨町,ハリマチョウ,はりまちょう,34.715299,134.867912
284424,兵庫県,神崎郡市川町,イチカワチョウ,いちかわちょう,34.989368,134.763317
284432,兵庫県,神崎郡福崎町,フクサキチョウ,ふくさきちょう,34.950302,134.760248
284467,兵庫県,神崎郡神河町,カミカワチョウ,かみかわちょう,35.064226,134.739831
284645,兵庫県,揖保郡太子町,タイシチョウ,たいしちょう,34.833264,134.572255
284815,兵庫県,赤穂郡上郡町,カミゴオリチョウ,かみごおりちょう,34.873563,134.356098
285013,兵庫県,佐用郡佐用町,サヨウチョウ,さようちょう,35.004346,134.355734
285854,兵庫県,美方郡香美町,カミチョウ,かみちょう,35.632186,134.629178
285862,兵庫県,美方郡新温泉町,シンオンセンチョウ,しんおんせんちょう,35.623481,134.448939
292010,奈良県,奈良市,ナラシ,ならし,34.685087,135.805
292028,奈良県,大和高田市,ヤマトタカダシ,やまとたかだし,34.515046,135.736392
292036,奈良県,大和郡山市,ヤマトコオリヤマシ,やまとこおりやまし,34.649374,135.782755
292044,奈良県,天理市,テンリシ,てんりし,34.596647,135.837331
292052,奈良県,橿原市,カシハラシ,かしはらし,34.509448,135.792626
292061,奈良県,桜井市,サクライシ,さくらいし,34.518714,135.843216
292079,奈良県,五條市,ゴジョウシ,ごじょうし,34.35203,135.693632
292087,奈良県,御所市,ゴセシ,ごせし,34.463331,135.74024
292095,奈良県,生駒市,イコマシ,いこまし,34.69196,135.700536
292109,奈良県,香芝市,カシバシ,かしばし,34.541256,135.698937
292117,奈良県,葛城市,カツラギシ,かつらぎし,34.511119,135.706917
292125,奈良県,宇陀市,ウダシ,うだし,34.528029,135.952269
293229,奈良県,山辺郡山添村,ヤマゾエムラ,やまぞえむら,34.68128,136.0438
293423,奈良県,生駒郡平群町,ヘグリチョウ,へぐりちょう,34.629174,135.700654
293431,奈良県,生駒郡三郷町,サンゴウチョウ,さんごうちょう,34.600138,135.695525
293440,奈良県,生駒郡斑鳩町,イカルガチョウ,いかるがちょう,34.608849,135.730591
293458,奈良県,生駒郡安堵町,アンドチョウ,あんどちょう,34.60648,135.756781
293610,奈良県,磯城郡川西町,カワニシチョウ,かわにしちょう,34.584394,135.774038
293628,奈良県,磯城郡三宅町,ミヤケチョウ,みやけちょう,34.573698,135.773144
293636,奈良県,磯城郡田原本町,タワラモトチョウ,たわらもとちょう,34.556601,135.794876
293857,奈良県,宇陀郡曽爾村,ソニムラ,そにむら,34.510647,136.124478
293865,奈良県,宇陀郡御杖村,ミツエムラ,みつえむら,34.488389,136.165916
294012,奈良県,高市郡高取町,タカトリチョウ,たかとりちょう,34.449513,135.793175
294021,奈良県,高市郡明日香村,アスカムラ,あすかむら,34.471278,135.820641
294241,奈良県,北葛城郡上牧町,カンマキチョウ,かんまきちょう,34.562749,135.716629
294250,奈良県,北葛城郡王寺町,オウジチョウ,おうじちょう,34.594725,135.706551
294268,奈良県,北葛城郡広陵町,コウリヨウチョウ,こうりようちょう,34.542784,135.750835
294276,奈良県,北葛城郡河合町,カワイチョウ,かわいちょう,34.578472,135.736672
294411,奈良県,吉野郡吉野町,ヨシノチョウ,よしのちょう,34.396049,135.857618
294420,奈良県,吉野郡大淀町,オオヨドチョウ,おおよどちょう,34.390562,135.789716
294438,奈良県,吉野郡下市町,シモイチチョウ,しもいちちょう,34.360981,135.791858
294446,奈良県,吉野郡黒滝村,クロタキムラ,くろたきむら,34.309307,135.852142
294462,奈良県,吉野郡天川村,テンカワムラ,てんかわむら,34.241909,135.855149
294471,奈良県,吉野郡野迫川村,ノセガワムラ,のせがわむら,34.166257,135.633063
294497,奈良県,吉野郡十津川村,トツカワムラ,とつかわむら,33.988495,135.792415
294501,奈良県,吉野郡下北山村,シモキタヤマムラ,しもきたやまむら,34.005038,135.955167
294519,奈良県,吉野郡上北山村,カミキタヤマムラ,かみきたやまむら,34.134322,135.999988
294527,奈良県,吉野郡川上村,カワカミムラ,かわかみむら,34.338107,135.954325
294535,奈良県,吉野郡東吉野村,ヒガシヨシノムラ,ひがしよしのむら,34.403582,135.968365
302015,和歌山県,和歌山市,ワカヤマシ,わかやまし,34.230511,135.170808
302023,和歌山県,海南市,カイナンシ,かいなんし,34.155336,135.209223
302031,和歌山県,橋本市,ハシモトシ,はしもとし,34.315053,135.605296
302040,和歌山県,有田市,アリダシ,ありだし,34.083095,135.127635
302058,和歌山県,御坊市,ゴボウシ,ごぼうし,33.891492,135.152346
302066,和歌山県,田辺市,タナベシ,たなべし,33.728034,135.377768
302074,和歌山県,新宮市,シングウシ,しんぐうし,33.724108,135.992955
302082,和歌山県,紀の川市,キノカワシ,きのかわし,34.26986,135.362757
302091,和歌山県,岩出市,イワデシ,いわでし,34.256295,135.311323
303046,和歌山県,海草郡紀美野町,キミノチョウ,きみのちょう,34.167225,135.307489
303411,和歌山県,伊都郡かつらぎ町,カツラギチョウ,かつらぎちょう,34.296396,135.503836
303437,和歌山県,伊都郡九度山町,クドヤマチョウ,くどやまちょう,34.287169,135.562245
303445,和歌山県,伊都郡高野町,コウヤチョウ,こうやちょう,34.216069,135.586536
303615,和歌山県,有田郡湯浅町,ユアサチョウ,ゆあさちょう,34.029394,135.190452
303623,和歌山県,有田郡広川町,ヒロガワチョウ,ひろがわちょう,34.030032,135.172993
303666,和歌山県,有田郡有田川町,アリダガワチョウ,ありだがわちょう,34.065322,135.254432
303810,和歌山県,日高郡美浜町,ミハマチョウ,みはまちょう,33.893756,135.133101
303828,和歌山県,日高郡日高町,ヒダカチョウ,ひだかちょう,33.92573,135.140883
303836,和歌山県,日高郡由良町,ユラチョウ,ゆらちょう,33.959223,135.118349
303909,和歌山県,日高郡印南町,イナミチョウ,いなみちょう,33.818367,135.218247
303917,和歌山県,日高郡みなべ町,ミナベチョウ,みなべちょう,33.772324,135.321442
303925,和歌山県,日高郡日高川町,ヒダカガワチョウ,ひだかがわちょう,33.911783,135.185875
304018,和歌山県,西牟婁郡白浜町,シラハマチョウ,しらはまちょう,33.678165,135.348134
304042,和歌山県,西牟婁郡上富田町,カミトンダチョウ,かみとんだちょう,33.696366,135.42883
304069,和歌山県,西牟婁郡すさみ町,スサミチョウ,すさみちょう,33.550151,135.49664
304212,和歌山県,東牟婁郡那智勝浦町,ナチカツウラチョウ,なちかつうらちょう,33.62595,135.941067
304221,和歌山県,東牟婁郡太地町,タイジチョウ,たいじちょう,33.594031,135.943962
304247,和歌山県,東牟婁郡古座川町,コザガワチョウ,こざがわちょう,33.53184,135.814802
304271,和歌山県,東牟婁郡北山村,キタヤマムラ,きたやまむら,33.932097,135.969207
304280,和歌山県,東牟婁郡串本町,クシモトチョウ,くしもとちょう,33.47247,135.781498
312011,鳥取県,鳥取市,トットリシ,とっとりし,35.501133,134.235091
312029,鳥取県,米子市,ヨナゴシ,よなごし,35.428072,133.330945
312037,鳥取県,倉吉市,クラヨシシ,くらよしし,35.430179,133.825561
312045,鳥取県,境港市,サカイミナトシ,さかいみなとし,35.539592,133.231486
313025,鳥取県,岩美郡岩美町,イワミチョウ,いわみちょう,35.575993,134.33209
313254,鳥取県,八頭郡若桜町,ワカサチョウ,わかさちょう,35.34017,134.400997
313289,鳥取県,八頭郡智頭町,チヅチョウ,ちづちょう,35.26505,134.226612
313297,鳥取県,八頭町,ヤズチョウ,やずちょう,35.409207,134.250526
313645,鳥取県,東伯郡三朝町,ミササチョウ,みささちょう,35.408508,133.862306
313700,鳥取県,東伯郡湯梨浜町,ユリハマチョウ,ゆりはまちょう,35.489959,133.864781
313718,鳥取県,東伯郡琴浦町,コトウラチョウ,ことうらちょう,35.495398,133.693278
313726,鳥取県,東伯郡北栄町,ホクエイチョウ,ほくえいちょう,35.49003,133.758355
313840,鳥取県,西伯郡日吉津村,ヒエヅソン,ひえづそん,35.440207,133.380788
313866,鳥取県,西伯郡大山町,ダイセンチョウ,だいせんちょう,35.510737,133.496114
313891,鳥取県,西伯郡南部町,ナンブチョウ,なんぶちょう,35.370784,133.361891
313904,鳥取県,西伯郡伯耆町,ホウキチョウ,ほうきちょう,35.385333,133.407164
314013,鳥取県,日野郡日南町,ニチナンチョウ,にちなんちょう,35.163294,133.306233
314021,鳥取県,日野郡日野町,ヒノチョウ,ひのちょう,35.240791,133.442786
314030,鳥取県,日野郡江府町,コウフチョウ,こうふちょう,35.283187,133.488561
322016,島根県,松江市,マツエシ,まつえし,35.46806,133.048375
322024,島根県,浜田市,ハマダシ,はまだし,34.899303,132.079783
322032,島根県,出雲市,イズモシ,いずもし,35.367035,132.754682
322041,島根県,益田市,マスダシ,ますだし,34.674817,131.842862
322059,島根県,大田市,オオダシ,おおだし,35.192106,132.499293
322067,島根県,安来市,ヤスギシ,やすぎし,35.431442,133.250915
322075,島根県,江津市,ゴウツシ,ごうつし,35.011418,132.22093
322091,島根県,雲南市,ウンナンシ,うんなんし,35.307726,132.900299
323438,島根県,仁多郡奥出雲町,オクイズモチョウ,おくいずもちょう,35.19743,133.002543
323861,島根県,飯石郡飯南町,イイナンチョウ,いいなんちょう,35.000035,132.713874
324418,島根県,邑智郡川本町,カワモトマチ,かわもとまち,34.994145,132.495496
324485,島根県,邑智郡美郷町,ミサトチョウ,みさとちょう,35.07669,132.590559
324493,島根県,邑智郡邑南町,オオナンチョウ,おおなんちょう,34.893963,132.43797
325015,島根県,鹿足郡津和野町,ツワノチョウ,つわのちょう,34.467185,131.773166
325058,島根県,鹿足郡吉賀町,ヨシカチョウ,よしかちょう,34.442094,131.867897
325252,島根県,隠岐郡海士町,アマチョウ,あまちょう,36.096571,133.096709
325261,島根県,隠岐郡西ノ島町,ニシノシマチョウ,にしのしまちょう,36.093027,132.994422
325279,島根県,隠岐郡知夫村,チブムラ,ちぶむら,36.013929,133.039386
325287,島根県,隠岐郡隠岐の島町,オキノシマチョウ,おきのしまちょう,36.209014,133.32177
331015,岡山県,岡山市北区,オカヤマシキタク,おかやましきたく,34.65534,133.919813
331023,岡山県,岡山市中区,オカヤマシナカク,おかやましなかく,34.670842,133.94318
331031,岡山県,岡山市東区,オカヤマシヒガシク,おかやましひがしく,34.651443,134.029488
331040,岡山県,岡山市南区,オカヤマシミナミク,おかやましみなみく,34.599777,133.919553
332020,岡山県,倉敷市,クラシキシ,くらしきし,34.585013,133.772084
332038,岡山県,津山市,ツヤマシ,つやまし,35.069116,134.004543
332046,岡山県,玉野市,タマノシ,たまのし,34.491943,133.945987
332054,岡山県,笠岡市,カサオカシ,かさおかし,34.50718,133.507441
332071,岡山県,井原市,イバラシ,いばらし,34.597672,133.463681
332089,岡山県,総社市,ソウジヤシ,そうじやし,34.672807,133.746528
332097,岡山県,高梁市,タカハシシ,たかはしし,34.791023,133.616733
332101,岡山県,新見市,ニイミシ,にいみし,34.97703,133.470306
332119,岡山県,備前市,ビゼンシ,びぜんし,34.74516,134.188044
332127,岡山県,瀬戸内市,セトウチシ,せとうちし,34.664887,134.092846
332135,岡山県,赤磐市,アカイワシ,あかいわし,34.755388,134.01884
332143,岡山県,真庭市,マニワシ,まにわし,35.075602,133.75273
332151,岡山県,美作市,ミマサカシ,みまさかし,35.008588,134.148572
332160,岡山県,浅口市,アサクチシ,あさくちし,34.527839,133.584922
333468,岡山県,和気郡和気町,ワケチョウ,わけちょう,34.849729,134.097923
334235,岡山県,都窪郡早島町,ハヤシマチョウ,はやしまちょう,34.600702,133.828354
334456,岡山県,浅口郡里庄町,サトショウチョウ,さとしょうちょう,34.51379,133.556866
334618,岡山県,小田郡矢掛町,ヤカゲチョウ,やかげちょう,34.627593,133.587085
335860,岡山県,真庭郡新庄村,シンジヨウソン,しんじようそん,35.179458,133.567734
336068,岡山県,苫田郡鏡野町,カガミノチョウ,かがみのちょう,35.091833,133.932799
336220,岡山県,勝田郡勝央町,ショウオウチョウ,しょうおうちょう,35.04184,134.116183
336238,岡山県,勝田郡奈義町,ナギチョウ,なぎちょう,35.123024,134.177425
336432,岡山県,英田郡西粟倉村,ニシアワクラソン,にしあわくらそん,35.171331,134.336273
336637,岡山県,久米郡久米南町,クメナンチョウ,くめなんちょう,34.929246,133.960687
336661,岡山県,久米郡美咲町,ミサキチョウ,みさきちょう,34.997953,133.958163
336815,岡山県,加賀郡吉備中央町,キビチュウオウチョウ,きびちゅうおうちょう,34.860965,133.811806
341011,広島県,広島市中区,ヒロシマシナカク,ひろしましなかく,34.386245,132.455018
341029,広島県,広島市東区,ヒロシマシヒガシク,ひろしましひがしく,34.39548,132.482429
341037,広島県,広島市南区,ヒロシマシミナミク,ひろしましみなみく,34.379979,132.469033
341045,広島県,広島市西区,ヒロシマシニシク,ひろしましにしく,34.393972,132.434421
341053,広島県,広島市安佐南区,ヒロシマシアサミナミク,ひろしましあさみなみく,34.451844,132.47163
341061,広島県,広島市安佐北区,ヒロシマシアサキタク,ひろしましあさきたく,34.518373,132.507753
341070,広島県,広島市安芸区,ヒロシマシアキク,ひろしましあきく,34.371728,132.525417
341088,広島県,広島市佐伯区,ヒロシマシサエキク,ひろしましさえきく,34.364446,132.36084
342025,広島県,呉市,クレシ,くれし,34.249254,132.565805
342033,広島県,竹原市,タケハラシ,たけはらし,34.341794,132.907088
342041,広島県,三原市,ミハラシ,みはらし,34.397433,133.078658
342050,広島県,尾道市,オノミチシ,おのみちし,34.408876,133.204889
342076,広島県,福山市,フクヤマシ,ふくやまし,34.485899,133.362313
342084,広島県,府中市,フチュウシ,ふちゅうし,34.568347,133.236321
342092,広島県,三次市,ミヨシシ,みよしし,34.805574,132.851674
342106,広島県,庄原市,ショウバラシ,しょうばらし,34.857732,133.017277
342114,広島県,大竹市,オオタケシ,おおたけし,34.237977,132.222475
342122,広島県,東広島市,ヒガシヒロシマシ,ひがしひろしまし,34.42638,132.743307
342131,広島県,廿日市市,ハツカイチシ,はつかいちし,34.348258,132.331622
342149,広島県,安芸高田市,アキタカタシ,あきたかたし,34.666307,132.704299
342157,広島県,江田島市,エタジマシ,えたじまし,34.223002,132.443855
343021,広島県,安芸郡府中町,フチュウチョウ,ふちゅうちょう,34.392486,132.50458
343048,広島県,安芸郡海田町,カイタチョウ,かいたちょう,34.372164,132.536089
343072,広島県,安芸郡熊野町,クマノチョウ,くまのちょう,34.335736,132.584637
343099,広島県,安芸郡坂町,サカチョウ,さかちょう,34.34124,132.513703
343684,広島県,山県郡安芸太田町,アキオオタチョウ,あきおおたちょう,34.576745,132.227141
343692,広島県,山県郡北広島町,キタヒロシマチョウ,きたひろしまちょう,34.674558,132.538416
344311,広島県,豊田郡大崎上島町,オオサキカミジマチョウ,おおさきかみじまちょう,34.269633,132.915086
344621,広島県,世羅郡世羅町,セラチョウ,せらちょう,34.586828,133.056651
345458,広島県,神石郡神石高原町,ジンセキコウゲンチョウ,じんせきこうげんちょう,34.703661,133.247652
352012,山口県,下関市,シモノセキシ,しものせきし,33.957831,130.941459
352021,山口県,宇部市,ウベシ,うべし,33.951509,131.246786
352039,山口県,山口市,ヤマグチシ,やまぐちし,34.178496,131.473727
352047,山口県,萩市,ハギシ,はぎし,34.408116,131.399085
352063,山口県,防府市,ホウフシ,ほうふし,34.051752,131.56269
352071,山口県,下松市,クダマツシ,くだまつし,34.01503,131.870342
352080,山口県,岩国市,イワクニシ,いわくにし,34.166562,132.218848
352101,山口県,光市,ヒカリシ,ひかりし,33.961913,131.942282
352110,山口県,長門市,ナガトシ,ながとし,34.370956,131.182195
352128,山口県,柳井市,ヤナイシ,やないし,33.963833,132.101597
352136,山口県,美祢市,ミネシ,みねし,34.166635,131.205678
352152,山口県,周南市,シュウナンシ,しゅうなんし,34.055119,131.806186
352161,山口県,山陽小野田市,サンヨウオノダシ,さんようおのだし,34.003064,131.181967
353051,山口県,大島郡周防大島町,スオウオオシマチョウ,すおうおおしまちょう,33.927595,132.195234
353213,山口県,玖珂郡和木町,ワキチョウ,わきちょう,34.202406,132.220408
353418,山口県,熊毛郡上関町,カミノセキチョウ,かみのせきちょう,33.830976,132.110743
353434,山口県,熊毛郡田布施町,タブセチョウ,たぶせちょう,33.954703,132.041373
353442,山口県,熊毛郡平生町,ヒラオチョウ,ひらおちょう,33.937988,132.073052
355020,山口県,阿武郡阿武町,アブチョウ,あぶちょう,34.503335,131.471399
362018,徳島県,徳島市,トクシマシ,とくしまし,34.07027,134.554844
362026,徳島県,鳴門市,ナルトシ,なるとし,34.172562,134.608786
362034,徳島県,小松島市,コマツシマシ,こまつしまし,34.004711,134.590674
362042,徳島県,阿南市,アナンシ,あなんし,33.921748,134.659469
362051,徳島県,吉野川市,ヨシノガワシ,よしのがわし,34.025689,134.259833
362069,徳島県,阿波市,アワシ,あわし,34.102148,134.297437
362077,徳島県,美馬市,ミマシ,みまし,34.053403,134.169749
362085,徳島県,三好市,ミヨシシ,みよしし,34.026041,133.807263
363014,徳島県,勝浦郡勝浦町,カツウラチョウ,かつうらちょう,33.931408,134.511356
363022,徳島県,勝浦郡上勝町,カミカツチョウ,かみかつちょう,33.889162,134.402051
363219,徳島県,名東郡佐那河内村,サナゴウチソン,さなごうちそん,33.993208,134.453122
363413,徳島県,名西郡石井町,イシイチョウ,いしいちょう,34.074173,134.44069
363421,徳島県,名西郡神山町,カミヤマチョウ,かみやまちょう,33.967291,134.350461
363685,徳島県,那賀郡那賀町,ナカチョウ,なかちょう,33.820626,134.47883
363839,徳島県,海部郡牟岐町,ムギチョウ,むぎちょう,33.668407,134.420555
363871,徳島県,海部郡美波町,ミナミチョウ,みなみちょう,33.734553,134.535444
363880,徳島県,海部郡海陽町,カイヨウチョウ,かいようちょう,33.602029,134.351997
364011,徳島県,板野郡松茂町,マツシゲチョウ,まつしげちょう,34.133768,134.580556
364029,徳島県,板野郡北島町,キタジマチョウ,きたじまちょう,34.125578,134.546987
364037,徳島県,板野郡藍住町,アイズミチョウ,あいずみちょう,34.126587,134.49509
364045,徳島県,板野郡板野町,イタノチョウ,いたのちょう,34.144363,134.462618
364053,徳島県,板野郡上板町,カミイタチョウ,かみいたちょう,34.121384,134.404816
364681,徳島県,美馬郡つるぎ町,ツルギチョウ,つるぎちょう,34.037335,134.064074
364894,徳島県,三好郡東みよし町,ヒガシミヨシチョウ,ひがしみよしちょう,34.036783,133.936757
372013,香川県,高松市,タカマツシ,たかまつし,34.342788,134.046574
372021,香川県,丸亀市,マルガメシ,まるがめし,34.289506,133.797706
372030,香川県,坂出市,サカイデシ,さかいでし,34.316319,133.86051
372048,香川県,善通寺市,ゼンツウジシ,ぜんつうじし,34.228533,133.787113
372056,香川県,観音寺市,カンオンジシ,かんおんじし,34.128466,133.662811
372064,香川県,さぬき市,サヌキシ,さぬきし,34.325207,134.17212
372072,香川県,東かがわ市,ヒガシカガワシ,ひがしかがわし,34.243809,134.358743
372081,香川県,三豊市,ミトヨシ,みとよし,34.182547,133.715219
373222,香川県,小豆郡土庄町,トノショウチョウ,とのしょうちょう,34.486022,134.185807
373249,香川県,小豆郡小豆島町,ショウドシマチョウ,しょうどしまちょう,34.481998,134.233595
373419,香川県,木田郡三木町,ミキチョウ,みきちょう,34.268284,134.134293
373648,香川県,香川郡直島町,ナオシマチョウ,なおしまちょう,34.459703,133.995689
373869,香川県,綾歌郡宇多津町,ウタヅチョウ,うたづちょう,34.310298,133.825513
373877,香川県,綾歌郡綾川町,アヤガワチョウ,あやがわちょう,34.249627,133.923066
374032,香川県,仲多度郡琴平町,コトヒラチョウ,ことひらちょう,34.191417,133.823303
374041,香川県,仲多度郡多度津町,タドツチョウ,たどつちょう,34.272488,133.753605
374067,香川県,仲多度郡まんのう町,マンノウチョウ,まんのうちょう,34.192329,133.841402
382019,愛媛県,松山市,マツヤマシ,まつやまし,33.839157,132.765575
382027,愛媛県,今治市,イマバリシ,いまばりし,34.066098,132.99786
382035,愛媛県,宇和島市,ウワジマシ,うわじまし,33.22334,132.560557
382043,愛媛県,八幡浜市,ヤワタハマシ,やわたはまし,33.462898,132.423336
382051,愛媛県,新居浜市,ニイハマシ,にいはまし,33.96029,133.283351
382060,愛媛県,西条市,サイジョウシ,さいじょうし,33.919511,133.18117
382078,愛媛県,大洲市,オオズシ,おおずし,33.506194,132.544509
382108,愛媛県,伊予市,イヨシ,いよし,33.757429,132.703729
382132,愛媛県,四国中央市,シコクチュウオウシ,しこくちゅうおうし,33.980761,133.549195
382141,愛媛県,西予市,セイヨシ,せいよし,33.36262,132.510992
382159,愛媛県,東温市,トウオンシ,とうおんし,33.791024,132.872296
383562,愛媛県,越智郡上島町,カミジマチョウ,かみじまちょう,34.257336,133.204507
383864,愛媛県,上浮穴郡久万高原町,クマコウゲンチョウ,くまこうげんちょう,33.655606,132.901671
384011,愛媛県,伊予郡松前町,マサキチョウ,まさきちょう,33.78744,132.711375
384020,愛媛県,伊予郡砥部町,トベチョウ,とべちょう,33.749263,132.792228
384224,愛媛県,喜多郡内子町,ウチコチョウ,うちこちょう,33.532902,132.658007
384429,愛媛県,西宇和郡伊方町,イカタチョウ,いかたちょう,33.488574,132.354012
384844,愛媛県,北宇和郡松野町,マツノチョウ,まつのちょう,33.227189,132.710799
384887,愛媛県,北宇和郡鬼北町,キホクチョウ,きほくちょう,33.255857,132.684104
385069,愛媛県,南宇和郡愛南町,アイナンチョウ,あいなんちょう,32.962164,132.583324
392014,高知県,高知市,コウチシ,こうちし,33.559587,133.529279
392022,高知県,室戸市,ムロトシ,むろとし,33.290009,134.152051
392031,高知県,安芸市,アキシ,あきし,33.502546,133.907166
392049,高知県,南国市,ナンコクシ,なんこくし,33.575671,133.64146
392057,高知県,土佐市,トサシ,とさし,33.496044,133.425292
392065,高知県,須崎市,スサキシ,すさきし,33.400745,133.282953
392081,高知県,宿毛市,スクモシ,すくもし,32.939009,132.726286
392090,高知県,土佐清水市,トサシミズシ,とさしみずし,32.781634,132.954989
392103,高知県,四万十市,シマントシ,しまんとし,32.991384,132.933749
392111,高知県,香南市,コウナンシ,こうなんし,33.564171,133.700488
392120,高知県,香美市,カミシ,かみし,33.603719,133.686003
393011,高知県,安芸郡東洋町,トウヨウチョウ,とうようちょう,33.527937,134.279974
393029,高知県,安芸郡奈半利町,ナハリチョウ,なはりちょう,33.424181,134.020952
393037,高知県,安芸郡田野町,タノチョウ,たのちょう,33.427708,134.008293
393045,高知県,安芸郡安田町,ヤスダチョウ,やすだちょう,33.43857,133.981074
393053,高知県,安芸郡北川村,キタガワムラ,きたがわむら,33.447694,134.042067
393061,高知県,安芸郡馬路村,ウマジムラ,うまじむら,33.55535,134.048108
393070,高知県,安芸郡芸西村,ゲイセイムラ,げいせいむら,33.526901,133.808914
393410,高知県,長岡郡本山町,モトヤマチョウ,もとやまちょう,33.757107,133.591412
393444,高知県,長岡郡大豊町,オオトヨチョウ,おおとよちょう,33.764291,133.664275
393631,高知県,土佐郡土佐町,トサチョウ,とさちょう,33.737064,133.531675
393649,高知県,土佐郡大川村,オオカワムラ,おおかわむら,33.783926,133.466608
393860,高知県,吾川郡いの町,イノチョウ,いのちょう,33.548754,133.427773
393878,高知県,吾川郡仁淀川町,ニヨドガワチョウ,によどがわちょう,33.575245,133.168574
394017,高知県,高岡郡中土佐町,ナカトサチョウ,なかとさちょう,33.337346,133.140361
394025,高知県,高岡郡佐川町,サカワチョウ,さかわちょう,33.500869,133.28653
394033,高知県,高岡郡越知町,オチチョウ,おちちょう,33.53292,133.251991
394050,高知県,高岡郡檮原町,ユスハラチョウ,ゆすはらちょう,33.392246,132.926987
394106,高知県,高岡郡日高村,ヒダカムラ,ひだかむら,33.534897,133.373353
394114,高知県,高岡郡津野町,ツノチョウ,つのちょう,33.44658,133.199469
394122,高知県,高岡郡四万十町,シマントチョウ,しまんとちょう,33.211653,133.137027
394246,高知県,幡多郡大月町,オオツキチョウ,おおつきちょう,32.841482,132.707026
394271,高知県,幡多郡三原村,ミハラムラ,みはらむら,32.906013,132.847242
394289,高知県,幡多郡黒潮町,クロシオチョウ,くろしおちょう,33.02493,133.01092
401013,福岡県,北九州市門司区,キタキュウシュウシモジク,きたきゅうしゅうしもじく,33.941138,130.959663
401030,福岡県,北九州市若松区,キタキュウシュウシワカマツク,きたきゅうしゅうしわかまつく,33.905476,130.811143
401056,福岡県,北九州市戸畑区,キタキュウシュウシトバタク,きたきゅうしゅうしとばたく,33.893508,130.829814
401064,福岡県,北九州市小倉北区,キタキュウシュウシコクラキタク,きたきゅうしゅうしこくらきたく,33.880882,130.873419
401072,福岡県,北九州市小倉南区,キタキュウシュウシコクラミナミク,きたきゅうしゅうしこくらみなみく,33.846525,130.884811
401081,福岡県,北九州市八幡東区,キタキュウシュウシヤハタヒガシク,きたきゅうしゅうしやはたひがしく,33.863444,130.811863
401099,福岡県,北九州市八幡西区,キタキュウシュウシヤハタニシク,きたきゅうしゅうしやはたにしく,33.866465,130.764923
401315,福岡県,福岡市東区,フクオカシヒガシク,ふくおかしひがしく,33.617746,130.417391
401323,福岡県,福岡市博多区,フクオカシハカタク,ふくおかしはかたく,33.591358,130.414878
401331,福岡県,福岡市中央区,フクオカシチュウオウク,ふくおかしちゅうおうく,33.589216,130.392813
401340,福岡県,福岡市南区,フクオカシミナミク,ふくおかしみなみく,33.561569,130.426428
401358,福岡県,福岡市西区,フクオカシニシク,ふくおかしにしく,33.582939,130.323119
401366,福岡県,福岡市城南区,フクオカシジョウナンク,ふくおかしじょうなんく,33.575686,130.369976
401374,福岡県,福岡市早良区,フクオカシサワラク,ふくおかしさわらく,33.581941,130.348436
402028,福岡県,大牟田市,オオムタシ,おおむたし,33.030262,130.445985
402036,福岡県,久留米市,クルメシ,くるめし,33.319287,130.508374
402044,福岡県,直方市,ノオガタシ,のおがたし,33.744184,130.729633
402052,福岡県,飯塚市,イイヅカシ,いいづかし,33.645908,130.691511
402061,福岡県,田川市,タガワシ,たがわし,33.638982,130.806298
402079,福岡県,柳川市,ヤナガワシ,やながわし,33.163089,130.405753
402109,福岡県,八女市,ヤメシ,やめし,33.211967,130.557908
402117,福岡県,筑後市,チクゴシ,ちくごし,33.212447,130.502093
402125,福岡県,大川市,オオカワシ,おおかわし,33.206594,130.383958
402133,福岡県,行橋市,ユクハシシ,ゆくはしし,33.728773,130.982967
402141,福岡県,豊前市,ブゼンシ,ぶぜんし,33.611511,131.130051
402150,福岡県,中間市,ナカマシ,なかまし,33.81665,130.709077
402168,福岡県,小郡市,オゴオリシ,おごおりし,33.396416,130.555438
402176,福岡県,筑紫野市,チクシノシ,ちくしのし,33.496342,130.515657
402184,福岡県,春日市,カスガシ,かすがし,33.532571,130.470281
402192,福岡県,大野城市,オオノジョウシ,おおのじょうし,33.536307,130.478641
402206,福岡県,宗像市,ムナカタシ,むなかたし,33.805431,130.540718
402214,福岡県,太宰府市,ダザイフシ,だざいふし,33.512799,130.523906
402231,福岡県,古賀市,コガシ,こがし,33.728787,130.469987
402249,福岡県,福津市,フクツシ,ふくつし,33.786866,130.469886
402257,福岡県,うきは市,ウキハシ,うきはし,33.347297,130.754934
402265,福岡県,宮若市,ミヤワカシ,みやわかし,33.723568,130.666694
402273,福岡県,嘉麻市,カマシ,かまし,33.560662,130.766817
402281,福岡県,朝倉市,アサクラシ,あさくらし,33.423413,130.665573
402290,福岡県,みやま市,ミヤマシ,みやまし,33.152425,130.47472
402303,福岡県,糸島市,イトシマシ,いとしまし,33.55732,130.195555
403059,福岡県,那珂川市,ナカガワシ,なかがわし,33.4996,130.422174
403415,福岡県,糟屋郡宇美町,ウミマチ,うみまち,33.567779,130.511112
403423,福岡県,糟屋郡篠栗町,ササグリマチ,ささぐりまち,33.623948,130.526256
403431,福岡県,糟屋郡志免町,シメマチ,しめまち,33.591473,130.479743
403440,福岡県,糟屋郡須恵町,スエマチ,すえまち,33.587268,130.507254
403458,福岡県,糟屋郡新宮町,シングウマチ,しんぐうまち,33.715295,130.446566
403482,福岡県,糟屋郡久山町,ヒサヤママチ,ひさやままち,33.646809,130.499834
403491,福岡県,糟屋郡粕屋町,カスヤマチ,かすやまち,33.610743,130.480523
403814,福岡県,遠賀郡芦屋町,アシヤマチ,あしやまち,33.893801,130.663896
403822,福岡県,遠賀郡水巻町,ミズマキマチ,みずまきまち,33.854748,130.694847
403831,福岡県,遠賀郡岡垣町,オカガキマチ,おかがきまち,33.853599,130.611104
403849,福岡県,遠賀郡遠賀町,オンガチョウ,おんがちょう,33.848151,130.668438
404012,福岡県,鞍手郡小竹町,コタケマチ,こたけまち,33.6925,130.712771
404021,福岡県,鞍手郡鞍手町,クラテマチ,くらてまち,33.792218,130.673975
404217,福岡県,嘉穂郡桂川町,ケイセンマチ,けいせんまち,33.578933,130.677904
404471,福岡県,朝倉郡筑前町,チクゼンマチ,ちくぜんまち,33.456977,130.5953
404489,福岡県,東峰村,トウホウムラ,とうほうむら,33.464292,130.825892
405035,福岡県,三井郡大刀洗町,タチアライマチ,たちあらいまち,33.372372,130.62248
405221,福岡県,三潴郡大木町,オオキマチ,おおきまち,33.210469,130.439733
405442,福岡県,八女郡広川町,ヒロカワマチ,ひろかわまち,33.241553,130.551505
406015,福岡県,田川郡香春町,カワラマチ,かわらまち,33.667933,130.847335
406023,福岡県,田川郡添田町,ソエダマチ,そえだまち,33.571855,130.853955
406040,福岡県,田川郡糸田町,イトダマチ,いとだまち,33.652789,130.779091
406058,福岡県,田川郡川崎町,カワサキマチ,かわさきまち,33.59994,130.814937
406082,福岡県,田川郡大任町,オオトウマチ,おおとうまち,33.612478,130.853714
406091,福岡県,田川郡赤村,アカムラ,あかむら,33.616592,130.871035
406104,福岡県,田川郡福智町,フクチマチ,ふくちまち,33.683261,130.780121
406210,福岡県,京都郡苅田町,カンダマチ,かんだまち,33.775921,130.98051
406252,福岡県,京都郡みやこ町,ミヤコマチ,みやこまち,33.699262,130.920401
406422,福岡県,築上郡吉富町,ヨシトミマチ,よしとみまち,33.602643,131.175948
406465,福岡県,築上郡上毛町,コウゲマチ,こうげまち,33.578408,131.164113
406473,福岡県,築上郡築上町,チクジョウマチ,ちくじょうまち,33.656112,131.056063
412015,佐賀県,佐賀市,サガシ,さがし,33.263482,130.300858
412023,佐賀県,唐津市,カラツシ,からつし,33.450174,129.968134
412031,佐賀県,鳥栖市,トスシ,とすし,33.377755,130.506258
412040,佐賀県,多久市,タクシ,たくし,33.28851,130.110061
412058,佐賀県,伊万里市,イマリシ,いまりし,33.264586,129.880269
412066,佐賀県,武雄市,タケオシ,たけおし,33.193749,130.019151
412074,佐賀県,鹿島市,カシマシ,かしまし,33.103724,130.098769
412082,佐賀県,小城市,オギシ,おぎし,33.273665,130.216864
412091,佐賀県,嬉野市,ウレシノシ,うれしのし,33.128084,130.060114
412104,佐賀県,神埼市,カンザキシ,かんざきし,33.310763,130.37306
413275,佐賀県,神埼郡吉野ヶ里町,ヨシノガリチョウ,よしのがりちょう,33.351679,130.398357
413411,佐賀県,三養基郡基山町,キヤマチョウ,きやまちょう,33.426852,130.522813
413453,佐賀県,三養基郡上峰町,カミミネチョウ,かみみねちょう,33.319626,130.426134
413461,佐賀県,三養基郡みやき町,ミヤキチョウ,みやきちょう,33.324982,130.454698
413879,佐賀県,東松浦郡玄海町,ゲンカイチョウ,げんかいちょう,33.472183,129.874698
414018,佐賀県,西松浦郡有田町,アリタチョウ,ありたちょう,33.210563,129.849217
414239,佐賀県,杵島郡大町町,オオマチチョウ,おおまちちょう,33.213754,130.116084
414247,佐賀県,杵島郡江北町,コウホクマチ,こうほくまち,33.220592,130.157528
414255,佐賀県,杵島郡白石町,シロイシチョウ,しろいしちょう,33.181035,130.143496
414417,佐賀県,藤津郡太良町,タラチョウ,たらちょう,33.019407,130.178974
422011,長崎県,長崎市,ナガサキシ,ながさきし,32.750286,129.877667
422029,長崎県,佐世保市,サセボシ,させぼし,33.179915,129.71511
422037,長崎県,島原市,シマバラシ,しまばらし,32.788103,130.370286
422045,長崎県,諫早市,イサハヤシ,いさはやし,32.843438,130.053095
422053,長崎県,大村市,オオムラシ,おおむらし,32.90009,129.958142
422070,長崎県,平戸市,ヒラドシ,ひらどし,33.368062,129.553671
422088,長崎県,松浦市,マツウラシ,まつうらし,33.341021,129.709045
422096,長崎県,対馬市,ツシマシ,つしまし,34.202662,129.28749
422100,長崎県,壱岐市,イキシ,いきし,33.74995,129.691352
422118,長崎県,五島市,ゴトウシ,ごとうし,32.695524,128.840829
422126,長崎県,西海市,サイカイシ,さいかいし,32.933067,129.642977
422134,長崎県,雲仙市,ウンゼンシ,うんぜんし,32.835197,130.1875
422142,長崎県,南島原市,ミナミシマバラシ,みなみしまばらし,32.659777,130.297864
423076,長崎県,西彼杵郡長与町,ナガヨチョウ,ながよちょう,32.825189,129.875045
423084,長崎県,西彼杵郡時津町,トギツチョウ,とぎつちょう,32.828888,129.848536
423211,長崎県,東彼杵郡東彼杵町,ヒガシソノギチョウ,ひがしそのぎちょう,33.037026,129.917149
423220,長崎県,東彼杵郡川棚町,カワタナチョウ,かわたなちょう,33.072776,129.86119
423238,長崎県,東彼杵郡波佐見町,ハサミチョウ,はさみちょう,33.13789,129.895546
423831,長崎県,北松浦郡小値賀町,オヂカチョウ,おぢかちょう,33.191081,129.058749
423912,長崎県,北松浦郡佐々町,サザチョウ,さざちょう,33.238342,129.650345
424111,長崎県,南松浦郡新上五島町,シンカミゴトウチョウ,しんかみごとうちょう,32.984645,129.073391
431010,熊本県,熊本市中央区,クマモトシチュウオウク,くまもとしちゅうおうく,32.803225,130.708191
431028,熊本県,熊本市東区,クマモトシヒガシク,くまもとしひがしく,32.780522,130.768069
431036,熊本県,熊本市西区,クマモトシニシク,くまもとしにしく,32.776358,130.647542
431044,熊本県,熊本市南区,クマモトシミナミク,くまもとしみなみく,32.715333,130.678877
431052,熊本県,熊本市北区,クマモトシキタク,くまもとしきたく,32.903544,130.694411
432024,熊本県,八代市,ヤツシロシ,やつしろし,32.507437,130.601743
432032,熊本県,人吉市,ヒトヨシシ,ひとよしし,32.210041,130.762554
432041,熊本県,荒尾市,アラオシ,あらおし,32.986836,130.432959
432059,熊本県,水俣市,ミナマタシ,みなまたし,32.21188,130.408723
432067,熊本県,玉名市,タマナシ,たまなし,32.93522,130.56284
432083,熊本県,山鹿市,ヤマガシ,やまがし,33.017578,130.691365
432105,熊本県,菊池市,キクチシ,きくちし,32.979483,130.813333
432113,熊本県,宇土市,ウトシ,うとし,32.687385,130.658521
432121,熊本県,上天草市,カミアマクサシ,かみあまくさし,32.587419,130.430527
432130,熊本県,宇城市,ウキシ,うきし,32.647847,130.684365
432148,熊本県,阿蘇市,アソシ,あそし,32.951954,131.120955
432156,熊本県,天草市,アマクサシ,あまくさし,32.458635,130.192982
432164,熊本県,合志市,コウシシ,こうしし,32.885988,130.789707
433489,熊本県,下益城郡美里町,ミサトマチ,みさとまち,32.639589,130.789026
433641,熊本県,玉名郡玉東町,ギョクトウマチ,ぎょくとうまち,32.9189,130.628543
433675,熊本県,玉名郡南関町,ナンカンマチ,なんかんまち,33.06161,130.541162
433683,熊本県,玉名郡長洲町,ナガスマチ,ながすまち,32.929678,130.452808
433691,熊本県,玉名郡和水町,ナゴミマチ,なごみまち,32.978106,130.605835
434035,熊本県,菊池郡大津町,オオヅマチ,おおづまち,32.87899,130.868223
434043,熊本県,菊池郡菊陽町,キクヨウマチ,きくようまち,32.862515,130.828623
434230,熊本県,阿蘇郡南小国町,ミナミオグニマチ,みなみおぐにまち,33.09866,131.07037
434248,熊本県,阿蘇郡小国町,オグニマチ,おぐにまち,33.121568,131.068144
434256,熊本県,阿蘇郡産山村,ウブヤマムラ,うぶやまむら,32.99576,131.216781
434281,熊本県,阿蘇郡高森町,タカモリマチ,たかもりまち,32.827279,131.122011
434329,熊本県,阿蘇郡西原村,ニシハラムラ,にしはらむら,32.834825,130.90301
434337,熊本県,阿蘇郡南阿蘇村,ミナミアソムラ,みなみあそむら,32.821982,131.031438
434418,熊本県,上益城郡御船町,ミフネマチ,みふねまち,32.714616,130.801894
434426,熊本県,上益城郡嘉島町,カシママチ,かしままち,32.740076,130.757259
434434,熊本県,上益城郡益城町,マシキマチ,ましきまち,32.79143,130.816382
434442,熊本県,上益城郡甲佐町,コウサマチ,こうさまち,32.651599,130.811465
434477,熊本県,上益城郡山都町,ヤマトチョウ,やまとちょう,32.685453,130.990455
434680,熊本県,八代郡氷川町,ヒカワチョウ,ひかわちょう,32.5825,130.673786
434825,熊本県,葦北郡芦北町,アシキタマチ,あしきたまち,32.298941,130.492978
434841,熊本県,葦北郡津奈木町,ツナギマチ,つなぎまち,32.233842,130.439583
435015,熊本県,球磨郡錦町,ニシキマチ,にしきまち,32.201197,130.841115
435058,熊本県,球磨郡多良木町,タラギマチ,たらぎまち,32.263997,130.935784
435066,熊本県,球磨郡湯前町,ユノマエマチ,ゆのまえまち,32.276284,130.980902
435074,熊本県,球磨郡水上村,ミズカミムラ,みずかみむら,32.314342,131.009546
435104,熊本県,球磨郡相良村,サガラムラ,さがらむら,32.235269,130.798095
435112,熊本県,球磨郡五木村,イツキムラ,いつきむら,32.397277,130.827816
435121,熊本県,球磨郡山江村,ヤマエムラ,やまえむら,32.246806,130.766675
435139,熊本県,球磨郡球磨村,クマムラ,くまむら,32.252431,130.651163
435147,熊本県,球磨郡あさぎり町,アサギリチョウ,あさぎりちょう,32.240316,130.897793
435317,熊本県,天草郡苓北町,レイホクマチ,れいほくまち,32.513193,130.054804
442011,大分県,大分市,オオイタシ,おおいたし,33.239558,131.609272
442020,大分県,別府市,ベップシ,べっぷし,33.28462,131.491214
442038,大分県,中津市,ナカツシ,なかつし,33.598221,131.188325
442046,大分県,日田市,ヒタシ,ひたし,33.321333,130.940966
442054,大分県,佐伯市,サイキシ,さいきし,32.959806,131.900058
442062,大分県,臼杵市,ウスキシ,うすきし,33.126012,131.805124
442071,大分県,津久見市,ツクミシ,つくみし,33.072183,131.861277
442089,大分県,竹田市,タケタシ,たけたし,32.97372,131.398002
442097,大分県,豊後高田市,ブンゴタカダシ,ぶんごたかだし,33.557229,131.444624
442101,大分県,杵築市,キツキシ,きつきし,33.417026,131.616089
442119,大分県,宇佐市,ウサシ,うさし,33.531972,131.349545
442127,大分県,豊後大野市,ブンゴオオノシ,ぶんごおおのし,32.977536,131.584133
442135,大分県,由布市,ユフシ,ゆふし,33.180013,131.426856
442143,大分県,国東市,クニサキシ,くにさきし,33.565313,131.731674
443221,大分県,東国東郡姫島村,ヒメシマムラ,ひめしまむら,33.724537,131.645139
443417,大分県,速見郡日出町,ヒジマチ,ひじまち,33.369443,131.532387
444618,大分県,玖珠郡九重町,ココノエマチ,ここのえまち,33.228519,131.188794
444626,大分県,玖珠郡玖珠町,クスマチ,くすまち,33.283132,131.15155
452017,宮崎県,宮崎市,ミヤザキシ,みやざきし,31.907674,131.420241
452025,宮崎県,都城市,ミヤコノジョウシ,みやこのじょうし,31.71959,131.061621
452033,宮崎県,延岡市,ノベオカシ,のべおかし,32.582272,131.665009
452041,宮崎県,日南市,ニチナンシ,にちなんし,31.601932,131.378728
452050,宮崎県,小林市,コバヤシシ,こばやしし,31.996731,130.972588
452068,宮崎県,日向市,ヒュウガシ,ひゅうがし,32.422944,131.623965
452076,宮崎県,串間市,クシマシ,くしまし,31.464539,131.228303
452084,宮崎県,西都市,サイトシ,さいとし,32.108554,131.401202
452092,宮崎県,えびの市,エビノシ,えびのし,32.045344,130.810796
453412,宮崎県,北諸県郡三股町,ミマタチョウ,みまたちょう,31.730686,131.124809
453617,宮崎県,西諸県郡高原町,タカハルチョウ,たかはるちょう,31.928463,131.007751
453820,宮崎県,東諸県郡国富町,クニトミチョウ,くにとみちょう,31.990644,131.323535
453838,宮崎県,東諸県郡綾町,アヤチョウ,あやちょう,31.999133,131.253187
454010,宮崎県,児湯郡高鍋町,タカナベチョウ,たかなべちょう,32.127999,131.503355
454028,宮崎県,児湯郡新富町,シントミチョウ,しんとみちょう,32.068868,131.488017
454036,宮崎県,児湯郡西米良村,ニシメラソン,にしめらそん,32.226232,131.154476
454044,宮崎県,児湯郡木城町,キジョウチョウ,きじょうちょう,32.163969,131.473537
454052,宮崎県,児湯郡川南町,カワミナミチョウ,かわみなみちょう,32.192071,131.525868
454061,宮崎県,児湯郡都農町,ツノチョウ,つのちょう,32.256293,131.559568
454214,宮崎県,東臼杵郡門川町,カドガワチョウ,かどがわちょう,32.469793,131.648589
454290,宮崎県,東臼杵郡諸塚村,モロツカソン,もろつかそん,32.512387,131.330405
454303,宮崎県,東臼杵郡椎葉村,シイバソン,しいばそん,32.467325,131.158118
454311,宮崎県,東臼杵郡美郷町,ミサトチョウ,みさとちょう,32.437404,131.422493
454419,宮崎県,西臼杵郡高千穂町,タカチホチョウ,たかちほちょう,32.71169,131.307787
454427,宮崎県,西臼杵郡日之影町,ヒノカゲチョウ,ひのかげちょう,32.653816,131.388146
454435,宮崎県,西臼杵郡五ヶ瀬町,ゴカセチョウ,ごかせちょう,32.68302,131.196379
462012,鹿児島県,鹿児島市,カゴシマシ,かごしまし,31.596554,130.557116
462039,鹿児島県,鹿屋市,カノヤシ,かのやし,31.378292,130.852077
462047,鹿児島県,枕崎市,マクラザキシ,まくらざきし,31.2729,130.296904
462063,鹿児島県,阿久根市,アクネシ,あくねし,32.01447,130.192773
462080,鹿児島県,出水市,イズミシ,いずみし,32.090572,130.352753
462101,鹿児島県,指宿市,イブスキシ,いぶすきし,31.25277,130.633031
462136,鹿児島県,西之表市,ニシノオモテシ,にしのおもてし,30.732412,130.996835
462144,鹿児島県,垂水市,タルミズシ,たるみずし,31.492734,130.700914
462152,鹿児島県,薩摩川内市,サツマセンダイシ,さつませんだいし,31.813517,130.304244
462161,鹿児島県,日置市,ヒオキシ,ひおきし,31.633709,130.402425
462179,鹿児島県,曽於市,ソオシ,そおし,31.653621,131.019391
462187,鹿児島県,霧島市,キリシマシ,きりしまし,31.740899,130.762997
462195,鹿児島県,いちき串木野市,イチキクシキノシ,いちきくしきのし,31.714553,130.271929
462209,鹿児島県,南さつま市,ミナミサツマシ,みなみさつまし,31.416612,130.323408
462217,鹿児島県,志布志市,シブシシ,しぶしし,31.495442,131.045336
462225,鹿児島県,奄美市,アマミシ,あまみし,28.377248,129.493741
462233,鹿児島県,南九州市,ミナミキュウシュウシ,みなみきゅうしゅうし,31.378262,130.441645
462241,鹿児島県,伊佐市,イサシ,いさし,32.057225,130.613105
462250,鹿児島県,姶良市,アイラシ,あいらし,31.728228,130.627816
463035,鹿児島県,鹿児島郡三島村,ミシマムラ,みしまむら,30.79217,130.303757
463043,鹿児島県,鹿児島郡十島村,トシマムラ,としまむら,29.837598,129.868198
463922,鹿児島県,薩摩郡さつま町,サツマチョウ,さつまちょう,31.905701,130.45566
464040,鹿児島県,出水郡長島町,ナガシマチョウ,ながしまちょう,32.199375,130.176833
464520,鹿児島県,姶良郡湧水町,ユウスイチョウ,ゆうすいちょう,31.95158,130.720924
464686,鹿児島県,曽於郡大崎町,オオサキチョウ,おおさきちょう,31.429201,131.005865
464821,鹿児島県,肝属郡東串良町,ヒガシクシラチョウ,ひがしくしらちょう,31.385517,130.973495
464902,鹿児島県,肝属郡錦江町,キンコウチョウ,きんこうちょう,31.243566,130.787595
464911,鹿児島県,肝属郡南大隅町,ミナミオオスミチョウ,みなみおおすみちょう,31.217263,130.768098
464929,鹿児島県,肝属郡肝付町,キモツキチョウ,きもつきちょう,31.344256,130.945079
465011,鹿児島県,熊毛郡中種子町,ナカタネチョウ,なかたねちょう,30.532822,130.95885
465020,鹿児島県,熊毛郡南種子町,ミナミタネチョウ,みなみたねちょう,30.414071,130.90086
465054,鹿児島県,熊毛郡屋久島町,ヤクシマチョウ,やくしまちょう,30.371299,130.666468
465232,鹿児島県,大島郡大和村,ヤマトソン,やまとそん,28.358089,129.395263
465241,鹿児島県,大島郡宇検村,ウケンソン,うけんそん,28.280731,129.297092
465259,鹿児島県,大島郡瀬戸内町,セトウチチョウ,せとうちちょう,28.146402,129.314902
465275,鹿児島県,大島郡龍郷町,タツゴウチョウ,たつごうちょう,28.413297,129.589351
465291,鹿児島県,大島郡喜界町,キカイチョウ,きかいちょう,28.316836,129.940032
465305,鹿児島県,大島郡徳之島町,トクノシマチョウ,とくのしまちょう,27.726592,129.018669
465313,鹿児島県,大島郡天城町,アマギチョウ,あまぎちょう,27.811782,128.897702
465321,鹿児島県,大島郡伊仙町,イセンチョウ,いせんちょう,27.673547,128.937795
465330,鹿児島県,大島郡和泊町,ワドマリチョウ,わどまりちょう,27.392287,128.655475
465348,鹿児島県,大島郡知名町,チナチョウ,ちなちょう,27.333676,128.57373
465356,鹿児島県,大島郡与論町,ヨロンチョウ,よろんちょう,27.048527,128.414832
472018,沖縄県,那覇市,ナハシ,なはし,26.212312,127.679157
472051,沖縄県,宜野湾市,ギノワンシ,ぎのわんし,26.281575,127.778634
472077,沖縄県,石垣市,イシガキシ,いしがきし,24.340661,124.15558
472085,沖縄県,浦添市,ウラソエシ,うらそえし,26.245816,127.721799
472093,沖縄県,名護市,ナゴシ,なごし,26.591547,127.977316
472107,沖縄県,糸満市,イトマンシ,いとまんし,26.123584,127.665815
472115,沖縄県,沖縄市,オキナワシ,おきなわし,26.334427,127.805583
472123,沖縄県,豊見城市,トミグスクシ,とみぐすくし,26.161006,127.668944
472131,沖縄県,うるま市,ウルマシ,うるまし,26.427062,127.829081
472140,沖縄県,宮古島市,ミヤコジマシ,みやこじまし,24.80549,125.281149
472158,沖縄県,南城市,ナンジョウシ,なんじょうし,26.144452,127.766967
473014,沖縄県,国頭郡国頭村,クニガミソン,くにがみそん,26.745635,128.177907
473022,沖縄県,国頭郡大宜味村,オオギミソン,おおぎみそん,26.701708,128.120164
473031,沖縄県,国頭郡東村,ヒガシソン,ひがしそん,26.633309,128.156911
473065,沖縄県,国頭郡今帰仁村,ナキジンソン,なきじんそん,26.682577,127.972628
473081,沖縄県,国頭郡本部町,モトブチョウ,もとぶちょう,26.657577,127.897831
473111,沖縄県,国頭郡恩納村,オンナソン,おんなそん,26.4975,127.853557
473138,沖縄県,国頭郡宜野座村,ギノザソン,ぎのざそん,26.481659,127.975589
473146,沖縄県,国頭郡金武町,キンチョウ,きんちょう,26.456126,127.925936
473154,沖縄県,国頭郡伊江村,イエソン,いえそん,26.713482,127.80707
473243,沖縄県,中頭郡読谷村,ヨミタンソン,よみたんそん,26.396055,127.744277
473251,沖縄県,中頭郡嘉手納町,カデナチョウ,かでなちょう,26.361662,127.755322
473260,沖縄県,中頭郡北谷町,チャタンチョウ,ちゃたんちょう,26.320119,127.763776
473278,沖縄県,中頭郡北中城村,キタナカグスクソン,きたなかぐすくそん,26.30111,127.793149
473286,沖縄県,中頭郡中城村,ナカグスクソン,なかぐすくそん,26.267379,127.791126
473294,沖縄県,中頭郡西原町,ニシハラチョウ,にしはらちょう,26.222845,127.758811
473481,沖縄県,島尻郡与那原町,ヨナバルチョウ,よなばるちょう,26.199577,127.754768
473502,沖縄県,島尻郡南風原町,ハエバルチョウ,はえばるちょう,26.191119,127.728551
473537,沖縄県,島尻郡渡嘉敷村,トカシキソン,とかしきそん,26.197343,127.364286
473545,沖縄県,島尻郡座間味村,ザマミソン,ざまみそん,26.228892,127.303157
473553,沖縄県,島尻郡粟国村,アグニソン,あぐにそん,26.58237,127.227187
473561,沖縄県,島尻郡渡名喜村,トナキソン,となきそん,26.372061,127.141021
473570,沖縄県,島尻郡南大東村,ミナミダイトウソン,みなみだいとうそん,25.828684,131.232015
473588,沖縄県,島尻郡北大東村,キタダイトウソン,きただいとうそん,25.945951,131.298994
473596,沖縄県,島尻郡伊平屋村,イヘヤソン,いへやそん,27.039054,127.968666
473600,沖縄県,島尻郡伊是名村,イゼナソン,いぜなそん,26.928363,127.941209
473618,沖縄県,島尻郡久米島町,クメジマチョウ,くめじまちょう,26.349033,126.747248
473626,沖縄県,島尻郡八重瀬町,ヤエセチョウ,やえせちょう,26.121745,127.74253
473758,沖縄県,宮古郡多良間村,タラマソン,たらまそん,24.669397,124.701668
473812,沖縄県,八重山郡竹富町,タケトミチョウ,たけとみちょう,24.286667,123.881667
473821,沖縄県,八重山郡与那国町,ヨナグニチョウ,よなぐにちょう,24.467969,123.004453
